project,scenario,worker_setting,version,batch,sample,started_at,elapsed_seconds,ns/op,checkers,diagnostics/op,files/op,gomaxprocs,type-diagnostics/op,workers,B/op,allocs/op
synthetic,full-lint,4,baseline,0,0,,,59968251.0,4.0,0.0,64.0,4.0,0.0,4.0,118223216.0,499338.0
synthetic,full-lint,4,baseline,0,1,,,59928584.0,4.0,0.0,64.0,4.0,0.0,4.0,118441280.0,499442.0
synthetic,full-lint,4,baseline,0,2,,,57280500.0,4.0,0.0,64.0,4.0,0.0,4.0,118147664.0,499361.0
synthetic,full-lint,4,baseline,0,3,,,58346917.0,4.0,0.0,64.0,4.0,0.0,4.0,117687112.0,499339.0
synthetic,full-lint,4,baseline,0,4,,,59391375.0,4.0,0.0,64.0,4.0,0.0,4.0,117575752.0,499307.0
synthetic,full-lint,4,candidate,1,0,,,58552168.0,4.0,0.0,64.0,4.0,0.0,4.0,118085120.0,499238.0
synthetic,full-lint,4,candidate,1,1,,,63521083.0,4.0,0.0,64.0,4.0,0.0,4.0,118048600.0,499392.0
synthetic,full-lint,4,candidate,1,2,,,61046750.0,4.0,0.0,64.0,4.0,0.0,4.0,118092768.0,499277.0
synthetic,full-lint,4,candidate,1,3,,,59641749.0,4.0,0.0,64.0,4.0,0.0,4.0,117929944.0,499306.0
synthetic,full-lint,4,candidate,1,4,,,56308042.0,4.0,0.0,64.0,4.0,0.0,4.0,118118200.0,499334.0
synthetic,full-lint,4,candidate,2,0,,,59643125.0,4.0,0.0,64.0,4.0,0.0,4.0,118117080.0,499358.0
synthetic,full-lint,4,candidate,2,1,,,59364792.0,4.0,0.0,64.0,4.0,0.0,4.0,117985792.0,499327.0
synthetic,full-lint,4,candidate,2,2,,,61375125.0,4.0,0.0,64.0,4.0,0.0,4.0,117911984.0,499443.0
synthetic,full-lint,4,candidate,2,3,,,59859000.0,4.0,0.0,64.0,4.0,0.0,4.0,118020136.0,499273.0
synthetic,full-lint,4,candidate,2,4,,,60098541.0,4.0,0.0,64.0,4.0,0.0,4.0,118145352.0,499441.0
synthetic,full-lint,4,baseline,3,0,,,58646709.0,4.0,0.0,64.0,4.0,0.0,4.0,118165648.0,499381.0
synthetic,full-lint,4,baseline,3,1,,,58384792.0,4.0,0.0,64.0,4.0,0.0,4.0,118120344.0,499320.0
synthetic,full-lint,4,baseline,3,2,,,59225041.0,4.0,0.0,64.0,4.0,0.0,4.0,117103120.0,499095.0
synthetic,full-lint,4,baseline,3,3,,,58762001.0,4.0,0.0,64.0,4.0,0.0,4.0,118076208.0,499385.0
synthetic,full-lint,4,baseline,3,4,,,57919750.0,4.0,0.0,64.0,4.0,0.0,4.0,118111216.0,499303.0
synthetic,full-check,4,baseline,0,0,,,99419792.0,4.0,0.0,64.0,4.0,0.0,4.0,165756960.0,817314.0
synthetic,full-check,4,baseline,0,1,,,100804250.0,4.0,0.0,64.0,4.0,0.0,4.0,172724328.0,862194.0
synthetic,full-check,4,baseline,0,2,,,94434041.0,4.0,0.0,64.0,4.0,0.0,4.0,163722736.0,800530.0
synthetic,full-check,4,baseline,0,3,,,98434626.0,4.0,0.0,64.0,4.0,0.0,4.0,169176480.0,839848.0
synthetic,full-check,4,baseline,0,4,,,99091959.0,4.0,0.0,64.0,4.0,0.0,4.0,167399928.0,833934.0
synthetic,full-check,4,candidate,1,0,,,73208376.0,4.0,0.0,64.0,4.0,0.0,4.0,124621024.0,514895.0
synthetic,full-check,4,candidate,1,1,,,72580042.0,4.0,0.0,64.0,4.0,0.0,4.0,124654448.0,515024.0
synthetic,full-check,4,candidate,1,2,,,76744500.0,4.0,0.0,64.0,4.0,0.0,4.0,124734808.0,514906.0
synthetic,full-check,4,candidate,1,3,,,70364416.0,4.0,0.0,64.0,4.0,0.0,4.0,124664392.0,514940.0
synthetic,full-check,4,candidate,1,4,,,72823583.0,4.0,0.0,64.0,4.0,0.0,4.0,124647416.0,514922.0
synthetic,full-check,4,candidate,2,0,,,74904458.0,4.0,0.0,64.0,4.0,0.0,4.0,124659272.0,514902.0
synthetic,full-check,4,candidate,2,1,,,71558126.0,4.0,0.0,64.0,4.0,0.0,4.0,124532552.0,514908.0
synthetic,full-check,4,candidate,2,2,,,72731291.0,4.0,0.0,64.0,4.0,0.0,4.0,124637320.0,514971.0
synthetic,full-check,4,candidate,2,3,,,71613250.0,4.0,0.0,64.0,4.0,0.0,4.0,124565712.0,515001.0
synthetic,full-check,4,candidate,2,4,,,74256875.0,4.0,0.0,64.0,4.0,0.0,4.0,124644872.0,514999.0
synthetic,full-check,4,baseline,3,0,,,89346334.0,4.0,0.0,64.0,4.0,0.0,4.0,171047688.0,845556.0
synthetic,full-check,4,baseline,3,1,,,91606375.0,4.0,0.0,64.0,4.0,0.0,4.0,171054256.0,845570.0
synthetic,full-check,4,baseline,3,2,,,90867750.0,4.0,0.0,64.0,4.0,0.0,4.0,169728320.0,834321.0
synthetic,full-check,4,baseline,3,3,,,92792499.0,4.0,0.0,64.0,4.0,0.0,4.0,172214152.0,856698.0
synthetic,full-check,4,baseline,3,4,,,89806875.0,4.0,0.0,64.0,4.0,0.0,4.0,167063312.0,817462.0
synthetic,one-cold,4,baseline,0,0,,,34287499.0,4.0,0.0,1.0,4.0,0.0,4.0,66343416.0,116151.0
synthetic,one-cold,4,baseline,0,1,,,32696582.0,4.0,0.0,1.0,4.0,0.0,4.0,66272280.0,116104.0
synthetic,one-cold,4,baseline,0,2,,,34511458.0,4.0,0.0,1.0,4.0,0.0,4.0,66200704.0,116083.0
synthetic,one-cold,4,baseline,0,3,,,38835958.0,4.0,0.0,1.0,4.0,0.0,4.0,66131576.0,116110.0
synthetic,one-cold,4,baseline,0,4,,,32750584.0,4.0,0.0,1.0,4.0,0.0,4.0,66293024.0,116182.0
synthetic,one-cold,4,candidate,1,0,,,33076250.0,4.0,0.0,1.0,4.0,0.0,4.0,66446992.0,116239.0
synthetic,one-cold,4,candidate,1,1,,,33858167.0,4.0,0.0,1.0,4.0,0.0,4.0,66273984.0,116224.0
synthetic,one-cold,4,candidate,1,2,,,33824292.0,4.0,0.0,1.0,4.0,0.0,4.0,66221064.0,116122.0
synthetic,one-cold,4,candidate,1,3,,,31600251.0,4.0,0.0,1.0,4.0,0.0,4.0,66252024.0,116092.0
synthetic,one-cold,4,candidate,1,4,,,38560542.0,4.0,0.0,1.0,4.0,0.0,4.0,66351600.0,116098.0
synthetic,one-cold,4,candidate,2,0,,,38661250.0,4.0,0.0,1.0,4.0,0.0,4.0,66282408.0,116261.0
synthetic,one-cold,4,candidate,2,1,,,33006374.0,4.0,0.0,1.0,4.0,0.0,4.0,66260672.0,116054.0
synthetic,one-cold,4,candidate,2,2,,,37022166.0,4.0,0.0,1.0,4.0,0.0,4.0,66309168.0,116249.0
synthetic,one-cold,4,candidate,2,3,,,37478208.0,4.0,0.0,1.0,4.0,0.0,4.0,66435384.0,116231.0
synthetic,one-cold,4,candidate,2,4,,,37037291.0,4.0,0.0,1.0,4.0,0.0,4.0,66298152.0,116182.0
synthetic,one-cold,4,baseline,3,0,,,35631666.0,4.0,0.0,1.0,4.0,0.0,4.0,66207440.0,116174.0
synthetic,one-cold,4,baseline,3,1,,,36537708.0,4.0,0.0,1.0,4.0,0.0,4.0,66306688.0,116185.0
synthetic,one-cold,4,baseline,3,2,,,38417917.0,4.0,0.0,1.0,4.0,0.0,4.0,66283224.0,116068.0
synthetic,one-cold,4,baseline,3,3,,,33270250.0,4.0,0.0,1.0,4.0,0.0,4.0,66351512.0,116188.0
synthetic,one-cold,4,baseline,3,4,,,35554500.0,4.0,0.0,1.0,4.0,0.0,4.0,66394936.0,116132.0
synthetic,ten-cold,4,baseline,0,0,,,39768168.0,4.0,0.0,7.0,4.0,0.0,4.0,71308232.0,153349.0
synthetic,ten-cold,4,baseline,0,1,,,40600042.0,4.0,0.0,7.0,4.0,0.0,4.0,71264344.0,153268.0
synthetic,ten-cold,4,baseline,0,2,,,42722291.0,4.0,0.0,7.0,4.0,0.0,4.0,71217016.0,153212.0
synthetic,ten-cold,4,baseline,0,3,,,37170791.0,4.0,0.0,7.0,4.0,0.0,4.0,71346552.0,153164.0
synthetic,ten-cold,4,baseline,0,4,,,39093750.0,4.0,0.0,7.0,4.0,0.0,4.0,71421784.0,153237.0
synthetic,ten-cold,4,candidate,1,0,,,39671750.0,4.0,0.0,7.0,4.0,0.0,4.0,71233256.0,153239.0
synthetic,ten-cold,4,candidate,1,1,,,41403000.0,4.0,0.0,7.0,4.0,0.0,4.0,71334320.0,153243.0
synthetic,ten-cold,4,candidate,1,2,,,38819250.0,4.0,0.0,7.0,4.0,0.0,4.0,71262568.0,153281.0
synthetic,ten-cold,4,candidate,1,3,,,40034043.0,4.0,0.0,7.0,4.0,0.0,4.0,71262176.0,153154.0
synthetic,ten-cold,4,candidate,1,4,,,36420958.0,4.0,0.0,7.0,4.0,0.0,4.0,71302968.0,153234.0
synthetic,ten-cold,4,candidate,2,0,,,41143083.0,4.0,0.0,7.0,4.0,0.0,4.0,71164432.0,153299.0
synthetic,ten-cold,4,candidate,2,1,,,37439583.0,4.0,0.0,7.0,4.0,0.0,4.0,71319112.0,153223.0
synthetic,ten-cold,4,candidate,2,2,,,41292249.0,4.0,0.0,7.0,4.0,0.0,4.0,71304504.0,153182.0
synthetic,ten-cold,4,candidate,2,3,,,40767584.0,4.0,0.0,7.0,4.0,0.0,4.0,71325056.0,153314.0
synthetic,ten-cold,4,candidate,2,4,,,41539458.0,4.0,0.0,7.0,4.0,0.0,4.0,71227888.0,153252.0
synthetic,ten-cold,4,baseline,3,0,,,36508459.0,4.0,0.0,7.0,4.0,0.0,4.0,71398944.0,153158.0
synthetic,ten-cold,4,baseline,3,1,,,40780667.0,4.0,0.0,7.0,4.0,0.0,4.0,71264856.0,153200.0
synthetic,ten-cold,4,baseline,3,2,,,41075917.0,4.0,0.0,7.0,4.0,0.0,4.0,71247432.0,153112.0
synthetic,ten-cold,4,baseline,3,3,,,39529625.0,4.0,0.0,7.0,4.0,0.0,4.0,71187984.0,153316.0
synthetic,ten-cold,4,baseline,3,4,,,40436916.0,4.0,0.0,7.0,4.0,0.0,4.0,71364768.0,153264.0
synthetic,one-warm,4,baseline,0,0,,,2043874.0,4.0,0.0,1.0,4.0,0.0,4.0,824984.0,6165.0
synthetic,one-warm,4,baseline,0,1,,,1885584.0,4.0,0.0,1.0,4.0,0.0,4.0,788056.0,6161.0
synthetic,one-warm,4,baseline,0,2,,,1337916.0,4.0,0.0,1.0,4.0,0.0,4.0,824984.0,6165.0
synthetic,one-warm,4,baseline,0,3,,,1975417.0,4.0,0.0,1.0,4.0,0.0,4.0,788056.0,6161.0
synthetic,one-warm,4,baseline,0,4,,,2000709.0,4.0,0.0,1.0,4.0,0.0,4.0,861912.0,6169.0
synthetic,one-warm,4,candidate,1,0,,,202000.0,4.0,0.0,1.0,4.0,0.0,4.0,82152.0,569.0
synthetic,one-warm,4,candidate,1,1,,,207125.0,4.0,0.0,1.0,4.0,0.0,4.0,82152.0,569.0
synthetic,one-warm,4,candidate,1,2,,,310666.0,4.0,0.0,1.0,4.0,0.0,4.0,82152.0,569.0
synthetic,one-warm,4,candidate,1,3,,,233459.0,4.0,0.0,1.0,4.0,0.0,4.0,82152.0,569.0
synthetic,one-warm,4,candidate,1,4,,,236209.0,4.0,0.0,1.0,4.0,0.0,4.0,82152.0,569.0
synthetic,one-warm,4,candidate,2,0,,,229834.0,4.0,0.0,1.0,4.0,0.0,4.0,82152.0,569.0
synthetic,one-warm,4,candidate,2,1,,,246208.0,4.0,0.0,1.0,4.0,0.0,4.0,82152.0,569.0
synthetic,one-warm,4,candidate,2,2,,,248501.0,4.0,0.0,1.0,4.0,0.0,4.0,82152.0,569.0
synthetic,one-warm,4,candidate,2,3,,,267584.0,4.0,0.0,1.0,4.0,0.0,4.0,82152.0,569.0
synthetic,one-warm,4,candidate,2,4,,,199625.0,4.0,0.0,1.0,4.0,0.0,4.0,82152.0,569.0
synthetic,one-warm,4,baseline,3,0,,,1967208.0,4.0,0.0,1.0,4.0,0.0,4.0,788056.0,6161.0
synthetic,one-warm,4,baseline,3,1,,,1843041.0,4.0,0.0,1.0,4.0,0.0,4.0,788056.0,6161.0
synthetic,one-warm,4,baseline,3,2,,,1401167.0,4.0,0.0,1.0,4.0,0.0,4.0,824984.0,6165.0
synthetic,one-warm,4,baseline,3,3,,,1959708.0,4.0,0.0,1.0,4.0,0.0,4.0,824984.0,6165.0
synthetic,one-warm,4,baseline,3,4,,,1307374.0,4.0,0.0,1.0,4.0,0.0,4.0,788056.0,6161.0
synthetic,ten-warm,4,baseline,0,0,,,8429584.0,4.0,0.0,7.0,4.0,0.0,4.0,4525936.0,36951.0
synthetic,ten-warm,4,baseline,0,1,,,2302792.0,4.0,0.0,7.0,4.0,0.0,4.0,4060840.0,31386.0
synthetic,ten-warm,4,baseline,0,2,,,3568959.0,4.0,0.0,7.0,4.0,0.0,4.0,3764544.0,31351.0
synthetic,ten-warm,4,baseline,0,3,,,2437084.0,4.0,0.0,7.0,4.0,0.0,4.0,4097768.0,31390.0
synthetic,ten-warm,4,baseline,0,4,,,10446500.0,4.0,0.0,7.0,4.0,0.0,4.0,4399616.0,36923.0
synthetic,ten-warm,4,candidate,1,0,,,571041.0,4.0,0.0,7.0,4.0,0.0,4.0,532216.0,3428.0
synthetic,ten-warm,4,candidate,1,1,,,1546334.0,4.0,0.0,7.0,4.0,0.0,4.0,531568.0,3401.0
synthetic,ten-warm,4,candidate,1,2,,,1192542.0,4.0,0.0,7.0,4.0,0.0,4.0,531568.0,3401.0
synthetic,ten-warm,4,candidate,1,3,,,555667.0,4.0,0.0,7.0,4.0,0.0,4.0,532216.0,3428.0
synthetic,ten-warm,4,candidate,1,4,,,585166.0,4.0,0.0,7.0,4.0,0.0,4.0,532216.0,3428.0
synthetic,ten-warm,4,candidate,2,0,,,617542.0,4.0,0.0,7.0,4.0,0.0,4.0,532216.0,3428.0
synthetic,ten-warm,4,candidate,2,1,,,1200208.0,4.0,0.0,7.0,4.0,0.0,4.0,531784.0,3410.0
synthetic,ten-warm,4,candidate,2,2,,,1211668.0,4.0,0.0,7.0,4.0,0.0,4.0,531568.0,3401.0
synthetic,ten-warm,4,candidate,2,3,,,533875.0,4.0,0.0,7.0,4.0,0.0,4.0,532216.0,3428.0
synthetic,ten-warm,4,candidate,2,4,,,843624.0,4.0,0.0,7.0,4.0,0.0,4.0,532216.0,3428.0
synthetic,ten-warm,4,baseline,3,0,,,4903166.0,4.0,0.0,7.0,4.0,0.0,4.0,3764416.0,31349.0
synthetic,ten-warm,4,baseline,3,1,,,8750125.0,4.0,0.0,7.0,4.0,0.0,4.0,3805184.0,31337.0
synthetic,ten-warm,4,baseline,3,2,,,10106541.0,4.0,0.0,7.0,4.0,0.0,4.0,4456632.0,36934.0
synthetic,ten-warm,4,baseline,3,3,,,8370625.0,4.0,0.0,7.0,4.0,0.0,4.0,3948560.0,31371.0
synthetic,ten-warm,4,baseline,3,4,,,2687625.0,4.0,0.0,7.0,4.0,0.0,4.0,3987048.0,31379.0
vscode,full-lint,4,baseline,0,0,,,5416703875.0,4.0,144846.0,4366.0,4.0,0.0,4.0,5119343616.0,36610998.0
vscode,full-lint,4,baseline,0,1,,,5227156750.0,4.0,144846.0,4366.0,4.0,0.0,4.0,5113214864.0,36595019.0
vscode,full-lint,4,baseline,0,2,,,5253202542.0,4.0,144846.0,4366.0,4.0,0.0,4.0,5111830192.0,36572614.0
vscode,full-lint,4,baseline,0,3,,,5192499416.0,4.0,144846.0,4366.0,4.0,0.0,4.0,5115020424.0,36589598.0
vscode,full-lint,4,baseline,0,4,,,5246993666.0,4.0,144846.0,4366.0,4.0,0.0,4.0,5117581464.0,36584680.0
vscode,full-lint,4,candidate,1,0,,,5433639667.0,4.0,144846.0,4366.0,4.0,0.0,4.0,5121812128.0,36582650.0
vscode,full-lint,4,candidate,1,1,,,5417577166.0,4.0,144846.0,4366.0,4.0,0.0,4.0,5124967608.0,36595502.0
vscode,full-lint,4,candidate,1,2,,,5578211917.0,4.0,144846.0,4366.0,4.0,0.0,4.0,5122500184.0,36581191.0
vscode,full-lint,4,candidate,1,3,,,5731299083.0,4.0,144846.0,4366.0,4.0,0.0,4.0,5120774744.0,36579093.0
vscode,full-lint,4,candidate,1,4,,,5810984709.0,4.0,144846.0,4366.0,4.0,0.0,4.0,5123276048.0,36580374.0
vscode,full-lint,4,candidate,2,0,,,5868395416.0,4.0,144846.0,4366.0,4.0,0.0,4.0,5122841280.0,36581071.0
vscode,full-lint,4,candidate,2,1,,,5665463208.0,4.0,144846.0,4366.0,4.0,0.0,4.0,5122176216.0,36577214.0
vscode,full-lint,4,candidate,2,2,,,5620352292.0,4.0,144846.0,4366.0,4.0,0.0,4.0,5120818088.0,36578572.0
vscode,full-lint,4,candidate,2,3,,,5493005042.0,4.0,144846.0,4366.0,4.0,0.0,4.0,5122651816.0,36583632.0
vscode,full-lint,4,candidate,2,4,,,5503232209.0,4.0,144846.0,4366.0,4.0,0.0,4.0,5121328752.0,36577436.0
vscode,full-lint,4,baseline,3,0,,,5190045834.0,4.0,144846.0,4366.0,4.0,0.0,4.0,5111352728.0,36579582.0
vscode,full-lint,4,baseline,3,1,,,5409949500.0,4.0,144846.0,4366.0,4.0,0.0,4.0,5112994616.0,36575628.0
vscode,full-lint,4,baseline,3,2,,,5511223334.0,4.0,144846.0,4366.0,4.0,0.0,4.0,5116856048.0,36603445.0
vscode,full-lint,4,baseline,3,3,,,5157721708.0,4.0,144846.0,4366.0,4.0,0.0,4.0,5120417680.0,36591254.0
vscode,full-lint,4,baseline,3,4,,,5244138916.0,4.0,144846.0,4366.0,4.0,0.0,4.0,5117400144.0,36573726.0
vscode,full-check,4,baseline,0,0,,,6946152083.0,4.0,144845.0,4366.0,4.0,363.0,4.0,6349635048.0,44383080.0
vscode,full-check,4,baseline,0,1,,,7980958458.0,4.0,144849.0,4366.0,4.0,363.0,4.0,6336038968.0,44340678.0
vscode,full-check,4,baseline,0,2,,,6889045291.0,4.0,144846.0,4366.0,4.0,363.0,4.0,6345713200.0,44408131.0
vscode,full-check,4,baseline,0,3,,,7339465583.0,4.0,144863.0,4366.0,4.0,363.0,4.0,6365444704.0,44516694.0
vscode,full-check,4,baseline,0,4,,,7974249583.0,4.0,144847.0,4366.0,4.0,363.0,4.0,6390314536.0,44609270.0
vscode,full-check,4,candidate,1,0,,,5917372083.0,4.0,144873.0,4366.0,4.0,363.0,4.0,5340767920.0,37959573.0
vscode,full-check,4,candidate,1,1,,,6009622541.0,4.0,144873.0,4366.0,4.0,363.0,4.0,5358723952.0,38093685.0
vscode,full-check,4,candidate,1,2,,,6253787917.0,4.0,144873.0,4366.0,4.0,363.0,4.0,5340862344.0,37954591.0
vscode,full-check,4,candidate,1,3,,,6105884250.0,4.0,144873.0,4366.0,4.0,363.0,4.0,5341529520.0,37959997.0
vscode,full-check,4,candidate,1,4,,,5852581417.0,4.0,144873.0,4366.0,4.0,363.0,4.0,5341491056.0,37956390.0
vscode,full-check,4,candidate,2,0,,,6113575959.0,4.0,144873.0,4366.0,4.0,363.0,4.0,5340687512.0,37955243.0
vscode,full-check,4,candidate,2,1,,,6080409751.0,4.0,144873.0,4366.0,4.0,363.0,4.0,5339857376.0,37955377.0
vscode,full-check,4,candidate,2,2,,,5859390166.0,4.0,144873.0,4366.0,4.0,363.0,4.0,5341313792.0,37961997.0
vscode,full-check,4,candidate,2,3,,,5885056042.0,4.0,144873.0,4366.0,4.0,363.0,4.0,5339634488.0,37957531.0
vscode,full-check,4,candidate,2,4,,,5967181667.0,4.0,144873.0,4366.0,4.0,363.0,4.0,5341245872.0,37958150.0
vscode,full-check,4,baseline,3,0,,,6909246084.0,4.0,144851.0,4366.0,4.0,363.0,4.0,6346325776.0,44348803.0
vscode,full-check,4,baseline,3,1,,,7659632333.0,4.0,144851.0,4366.0,4.0,363.0,4.0,6372215520.0,44567245.0
vscode,full-check,4,baseline,3,2,,,7025279208.0,4.0,144847.0,4366.0,4.0,363.0,4.0,6395154008.0,44652625.0
vscode,full-check,4,baseline,3,3,,,7970255958.0,4.0,144849.0,4366.0,4.0,363.0,4.0,6344653208.0,44439954.0
vscode,full-check,4,baseline,3,4,,,7361338917.0,4.0,144850.0,4366.0,4.0,363.0,4.0,6371770944.0,44493725.0
vscode,one-cold,4,baseline,0,0,,,746501042.0,4.0,63.0,1.0,4.0,0.0,4.0,1453496760.0,3672615.0
vscode,one-cold,4,baseline,0,1,,,753426041.0,4.0,63.0,1.0,4.0,0.0,4.0,1454694984.0,3676127.0
vscode,one-cold,4,baseline,0,2,,,746221208.0,4.0,63.0,1.0,4.0,0.0,4.0,1454002016.0,3670990.0
vscode,one-cold,4,baseline,0,3,,,742576375.0,4.0,63.0,1.0,4.0,0.0,4.0,1454134920.0,3672728.0
vscode,one-cold,4,baseline,0,4,,,786849583.0,4.0,63.0,1.0,4.0,0.0,4.0,1454690192.0,3676018.0
vscode,one-cold,4,candidate,1,0,,,733918458.0,4.0,63.0,1.0,4.0,0.0,4.0,1453547624.0,3671946.0
vscode,one-cold,4,candidate,1,1,,,767522584.0,4.0,63.0,1.0,4.0,0.0,4.0,1453270880.0,3674222.0
vscode,one-cold,4,candidate,1,2,,,756797917.0,4.0,63.0,1.0,4.0,0.0,4.0,1453357048.0,3671209.0
vscode,one-cold,4,candidate,1,3,,,768199916.0,4.0,63.0,1.0,4.0,0.0,4.0,1452299856.0,3668733.0
vscode,one-cold,4,candidate,1,4,,,753644041.0,4.0,63.0,1.0,4.0,0.0,4.0,1456181688.0,3680061.0
vscode,one-cold,4,candidate,2,0,,,717861667.0,4.0,63.0,1.0,4.0,0.0,4.0,1454524632.0,3673386.0
vscode,one-cold,4,candidate,2,1,,,776849084.0,4.0,63.0,1.0,4.0,0.0,4.0,1454393096.0,3670871.0
vscode,one-cold,4,candidate,2,2,,,782251000.0,4.0,63.0,1.0,4.0,0.0,4.0,1454551360.0,3684784.0
vscode,one-cold,4,candidate,2,3,,,744661125.0,4.0,63.0,1.0,4.0,0.0,4.0,1454953584.0,3674789.0
vscode,one-cold,4,candidate,2,4,,,800428293.0,4.0,63.0,1.0,4.0,0.0,4.0,1454589784.0,3672295.0
vscode,one-cold,4,baseline,3,0,,,773896167.0,4.0,63.0,1.0,4.0,0.0,4.0,1453987280.0,3673535.0
vscode,one-cold,4,baseline,3,1,,,777708667.0,4.0,63.0,1.0,4.0,0.0,4.0,1453494984.0,3675069.0
vscode,one-cold,4,baseline,3,2,,,748565542.0,4.0,63.0,1.0,4.0,0.0,4.0,1453249024.0,3668495.0
vscode,one-cold,4,baseline,3,3,,,777609624.0,4.0,63.0,1.0,4.0,0.0,4.0,1456446608.0,3678633.0
vscode,one-cold,4,baseline,3,4,,,789888708.0,4.0,63.0,1.0,4.0,0.0,4.0,1454147752.0,3671484.0
vscode,ten-cold,4,baseline,0,0,,,1363984001.0,4.0,13429.0,437.0,4.0,0.0,4.0,2035859104.0,8266100.0
vscode,ten-cold,4,baseline,0,1,,,1395144167.0,4.0,13429.0,437.0,4.0,0.0,4.0,2040267312.0,8289598.0
vscode,ten-cold,4,baseline,0,2,,,1392815083.0,4.0,13429.0,437.0,4.0,0.0,4.0,2038033552.0,8292964.0
vscode,ten-cold,4,baseline,0,3,,,1277144082.0,4.0,13429.0,437.0,4.0,0.0,4.0,2035829304.0,8287056.0
vscode,ten-cold,4,baseline,0,4,,,1369539999.0,4.0,13429.0,437.0,4.0,0.0,4.0,2040197368.0,8303072.0
vscode,ten-cold,4,candidate,1,0,,,1384896667.0,4.0,13429.0,437.0,4.0,0.0,4.0,2038591336.0,8300685.0
vscode,ten-cold,4,candidate,1,1,,,1429934167.0,4.0,13429.0,437.0,4.0,0.0,4.0,2038034672.0,8301363.0
vscode,ten-cold,4,candidate,1,2,,,1313855750.0,4.0,13429.0,437.0,4.0,0.0,4.0,2041728960.0,8322538.0
vscode,ten-cold,4,candidate,1,3,,,1290382875.0,4.0,13429.0,437.0,4.0,0.0,4.0,2038805656.0,8306388.0
vscode,ten-cold,4,candidate,1,4,,,1564934750.0,4.0,13429.0,437.0,4.0,0.0,4.0,2055069928.0,8421349.0
vscode,ten-cold,4,candidate,2,0,,,1367948375.0,4.0,13429.0,437.0,4.0,0.0,4.0,2037768048.0,8299748.0
vscode,ten-cold,4,candidate,2,1,,,1283409167.0,4.0,13429.0,437.0,4.0,0.0,4.0,2038816344.0,8306506.0
vscode,ten-cold,4,candidate,2,2,,,1283417791.0,4.0,13429.0,437.0,4.0,0.0,4.0,2037055312.0,8299078.0
vscode,ten-cold,4,candidate,2,3,,,1391196750.0,4.0,13429.0,437.0,4.0,0.0,4.0,2038295664.0,8301432.0
vscode,ten-cold,4,candidate,2,4,,,1393915875.0,4.0,13429.0,437.0,4.0,0.0,4.0,2038411624.0,8302081.0
vscode,ten-cold,4,baseline,3,0,,,1257882167.0,4.0,13429.0,437.0,4.0,0.0,4.0,2039181992.0,8287208.0
vscode,ten-cold,4,baseline,3,1,,,1294742916.0,4.0,13429.0,437.0,4.0,0.0,4.0,2039795656.0,8298822.0
vscode,ten-cold,4,baseline,3,2,,,1411820584.0,4.0,13429.0,437.0,4.0,0.0,4.0,2033776776.0,8270526.0
vscode,ten-cold,4,baseline,3,3,,,1268385834.0,4.0,13429.0,437.0,4.0,0.0,4.0,2036049560.0,8290332.0
vscode,ten-cold,4,baseline,3,4,,,1394871208.0,4.0,13429.0,437.0,4.0,0.0,4.0,2040258760.0,8299219.0
vscode,one-warm,4,baseline,0,0,,,4810583.0,4.0,63.0,1.0,4.0,0.0,4.0,774296.0,9474.0
vscode,one-warm,4,baseline,0,1,,,3008291.0,4.0,63.0,1.0,4.0,0.0,4.0,1074408.0,9155.0
vscode,one-warm,4,baseline,0,2,,,2885125.0,4.0,63.0,1.0,4.0,0.0,4.0,837448.0,9144.0
vscode,one-warm,4,baseline,0,3,,,3038958.0,4.0,63.0,1.0,4.0,0.0,4.0,1159752.0,9174.0
vscode,one-warm,4,baseline,0,4,,,4869084.0,4.0,63.0,1.0,4.0,0.0,4.0,965576.0,9154.0
vscode,one-warm,4,candidate,1,0,,,3331167.0,4.0,63.0,1.0,4.0,0.0,4.0,585568.0,7205.0
vscode,one-warm,4,candidate,1,1,,,2722333.0,4.0,63.0,1.0,4.0,0.0,4.0,585248.0,7203.0
vscode,one-warm,4,candidate,1,2,,,2103958.0,4.0,63.0,1.0,4.0,0.0,4.0,621760.0,7206.0
vscode,one-warm,4,candidate,1,3,,,3470334.0,4.0,63.0,1.0,4.0,0.0,4.0,584928.0,7201.0
vscode,one-warm,4,candidate,1,4,,,3366000.0,4.0,63.0,1.0,4.0,0.0,4.0,584544.0,7199.0
vscode,one-warm,4,candidate,2,0,,,2235584.0,4.0,63.0,1.0,4.0,0.0,4.0,621216.0,7203.0
vscode,one-warm,4,candidate,2,1,,,3742376.0,4.0,63.0,1.0,4.0,0.0,4.0,621792.0,7205.0
vscode,one-warm,4,candidate,2,2,,,2688083.0,4.0,63.0,1.0,4.0,0.0,4.0,621664.0,7206.0
vscode,one-warm,4,candidate,2,3,,,3693959.0,4.0,63.0,1.0,4.0,0.0,4.0,659104.0,7211.0
vscode,one-warm,4,candidate,2,4,,,3331833.0,4.0,63.0,1.0,4.0,0.0,4.0,585088.0,7202.0
vscode,one-warm,4,baseline,3,0,,,5566459.0,4.0,63.0,1.0,4.0,0.0,4.0,984680.0,9157.0
vscode,one-warm,4,baseline,3,1,,,4868250.0,4.0,63.0,1.0,4.0,0.0,4.0,1021128.0,9158.0
vscode,one-warm,4,baseline,3,2,,,5200708.0,4.0,63.0,1.0,4.0,0.0,4.0,939720.0,9158.0
vscode,one-warm,4,baseline,3,3,,,3454417.0,4.0,63.0,1.0,4.0,0.0,4.0,835208.0,9132.0
vscode,one-warm,4,baseline,3,4,,,4763083.0,4.0,63.0,1.0,4.0,0.0,4.0,910504.0,9147.0
vscode,ten-warm,4,baseline,0,0,,,377179624.0,4.0,13429.0,437.0,4.0,0.0,4.0,263855936.0,2939228.0
vscode,ten-warm,4,baseline,0,1,,,338834124.0,4.0,13429.0,437.0,4.0,0.0,4.0,256665592.0,2895696.0
vscode,ten-warm,4,baseline,0,2,,,659502126.0,4.0,13429.0,437.0,4.0,0.0,4.0,256695080.0,2913730.0
vscode,ten-warm,4,baseline,0,3,,,336031958.0,4.0,13429.0,437.0,4.0,0.0,4.0,255393600.0,2902419.0
vscode,ten-warm,4,baseline,0,4,,,356590458.0,4.0,13432.0,437.0,4.0,0.0,4.0,234500272.0,2798972.0
vscode,ten-warm,4,candidate,1,0,,,413182251.0,4.0,13430.0,437.0,4.0,0.0,4.0,134060832.0,2171426.0
vscode,ten-warm,4,candidate,1,1,,,283447708.0,4.0,13430.0,437.0,4.0,0.0,4.0,132877728.0,2171322.0
vscode,ten-warm,4,candidate,1,2,,,228938958.0,4.0,13430.0,437.0,4.0,0.0,4.0,133686368.0,2171527.0
vscode,ten-warm,4,candidate,1,3,,,446078001.0,4.0,13430.0,437.0,4.0,0.0,4.0,133703312.0,2171400.0
vscode,ten-warm,4,candidate,1,4,,,334111166.0,4.0,13430.0,437.0,4.0,0.0,4.0,133796704.0,2171414.0
vscode,ten-warm,4,candidate,2,0,,,231061749.0,4.0,13430.0,437.0,4.0,0.0,4.0,133888968.0,2171725.0
vscode,ten-warm,4,candidate,2,1,,,227817750.0,4.0,13430.0,437.0,4.0,0.0,4.0,133299112.0,2171725.0
vscode,ten-warm,4,candidate,2,2,,,414075250.0,4.0,13430.0,437.0,4.0,0.0,4.0,133226704.0,2171356.0
vscode,ten-warm,4,candidate,2,3,,,227667167.0,4.0,13430.0,437.0,4.0,0.0,4.0,133662048.0,2171938.0
vscode,ten-warm,4,candidate,2,4,,,228107042.0,4.0,13430.0,437.0,4.0,0.0,4.0,133304928.0,2171513.0
vscode,ten-warm,4,baseline,3,0,,,464922999.0,4.0,13429.0,437.0,4.0,0.0,4.0,252707592.0,2891422.0
vscode,ten-warm,4,baseline,3,1,,,368461333.0,4.0,13429.0,437.0,4.0,0.0,4.0,257136224.0,2898525.0
vscode,ten-warm,4,baseline,3,2,,,363342584.0,4.0,13430.0,437.0,4.0,0.0,4.0,249950096.0,2867310.0
vscode,ten-warm,4,baseline,3,3,,,484627916.0,4.0,13430.0,437.0,4.0,0.0,4.0,255388504.0,2881440.0
vscode,ten-warm,4,baseline,3,4,,,365083750.0,4.0,13429.0,437.0,4.0,0.0,4.0,250207816.0,2883987.0
typescript,full-lint,4,baseline,0,0,,,2390841750.0,4.0,53389.0,600.0,4.0,0.0,4.0,1982472560.0,13441486.0
typescript,full-lint,4,baseline,0,1,,,2396792874.0,4.0,53389.0,600.0,4.0,0.0,4.0,1974846664.0,13447415.0
typescript,full-lint,4,baseline,0,2,,,2364741833.0,4.0,53389.0,600.0,4.0,0.0,4.0,1984617800.0,13454422.0
typescript,full-lint,4,baseline,0,3,,,2374446625.0,4.0,53389.0,600.0,4.0,0.0,4.0,1984450712.0,13409744.0
typescript,full-lint,4,baseline,0,4,,,2344772126.0,4.0,53389.0,600.0,4.0,0.0,4.0,1971870728.0,13427511.0
typescript,full-lint,4,candidate,1,0,,,3119608250.0,4.0,53389.0,600.0,4.0,0.0,4.0,1979010712.0,13484724.0
typescript,full-lint,4,candidate,1,1,,,3119273208.0,4.0,53389.0,600.0,4.0,0.0,4.0,1979153672.0,13483828.0
typescript,full-lint,4,candidate,1,2,,,3090504416.0,4.0,53389.0,600.0,4.0,0.0,4.0,1978859264.0,13486870.0
typescript,full-lint,4,candidate,1,3,,,3169131541.0,4.0,53389.0,600.0,4.0,0.0,4.0,1979818632.0,13485096.0
typescript,full-lint,4,candidate,1,4,,,3171224458.0,4.0,53389.0,600.0,4.0,0.0,4.0,1979078400.0,13484415.0
typescript,full-lint,4,candidate,2,0,,,3145220709.0,4.0,53389.0,600.0,4.0,0.0,4.0,1979389320.0,13484125.0
typescript,full-lint,4,candidate,2,1,,,3154684541.0,4.0,53389.0,600.0,4.0,0.0,4.0,1979772816.0,13484747.0
typescript,full-lint,4,candidate,2,2,,,3139886334.0,4.0,53389.0,600.0,4.0,0.0,4.0,1979143016.0,13483845.0
typescript,full-lint,4,candidate,2,3,,,3126319000.0,4.0,53389.0,600.0,4.0,0.0,4.0,1980375000.0,13484659.0
typescript,full-lint,4,candidate,2,4,,,3101986833.0,4.0,53389.0,600.0,4.0,0.0,4.0,1978982144.0,13484462.0
typescript,full-lint,4,baseline,3,0,,,2370739083.0,4.0,53389.0,600.0,4.0,0.0,4.0,1974325152.0,13409032.0
typescript,full-lint,4,baseline,3,1,,,2402155666.0,4.0,53389.0,600.0,4.0,0.0,4.0,1980577912.0,13436660.0
typescript,full-lint,4,baseline,3,2,,,2430016583.0,4.0,53389.0,600.0,4.0,0.0,4.0,1975930656.0,13398461.0
typescript,full-lint,4,baseline,3,3,,,2359338875.0,4.0,53389.0,600.0,4.0,0.0,4.0,1986755648.0,13463290.0
typescript,full-lint,4,baseline,3,4,,,2422456792.0,4.0,53389.0,600.0,4.0,0.0,4.0,1987233856.0,13440556.0
typescript,full-check,4,baseline,0,0,,,3138349041.0,4.0,53389.0,600.0,4.0,178.0,4.0,2331523392.0,15416231.0
typescript,full-check,4,baseline,0,1,,,3198574042.0,4.0,53389.0,600.0,4.0,178.0,4.0,2325670616.0,15395668.0
typescript,full-check,4,baseline,0,2,,,3153699084.0,4.0,53389.0,600.0,4.0,178.0,4.0,2352443160.0,15557995.0
typescript,full-check,4,baseline,0,3,,,3101266957.0,4.0,53389.0,600.0,4.0,178.0,4.0,2311151816.0,15361495.0
typescript,full-check,4,baseline,0,4,,,3382368918.0,4.0,53389.0,600.0,4.0,178.0,4.0,2348708576.0,15517501.0
typescript,full-check,4,candidate,1,0,,,3498000083.0,4.0,53388.0,600.0,4.0,178.0,4.0,2064742360.0,13884192.0
typescript,full-check,4,candidate,1,1,,,3503800125.0,4.0,53388.0,600.0,4.0,178.0,4.0,2064875648.0,13884088.0
typescript,full-check,4,candidate,1,2,,,3506035333.0,4.0,53388.0,600.0,4.0,178.0,4.0,2064453536.0,13883658.0
typescript,full-check,4,candidate,1,3,,,3405398541.0,4.0,53388.0,600.0,4.0,178.0,4.0,2064947408.0,13883783.0
typescript,full-check,4,candidate,1,4,,,3435066541.0,4.0,53388.0,600.0,4.0,178.0,4.0,2065199128.0,13883922.0
typescript,full-check,4,candidate,2,0,,,3408483792.0,4.0,53388.0,600.0,4.0,178.0,4.0,2065433592.0,13884799.0
typescript,full-check,4,candidate,2,1,,,3414412667.0,4.0,53388.0,600.0,4.0,178.0,4.0,2064108408.0,13884362.0
typescript,full-check,4,candidate,2,2,,,3520192499.0,4.0,53388.0,600.0,4.0,178.0,4.0,2064293992.0,13884501.0
typescript,full-check,4,candidate,2,3,,,3435693668.0,4.0,53388.0,600.0,4.0,178.0,4.0,2065340616.0,13886487.0
typescript,full-check,4,candidate,2,4,,,3486468668.0,4.0,53388.0,600.0,4.0,178.0,4.0,2064847672.0,13884167.0
typescript,full-check,4,baseline,3,0,,,3195306250.0,4.0,53389.0,600.0,4.0,178.0,4.0,2334991496.0,15444797.0
typescript,full-check,4,baseline,3,1,,,3156817208.0,4.0,53389.0,600.0,4.0,178.0,4.0,2342386496.0,15564381.0
typescript,full-check,4,baseline,3,2,,,3158556167.0,4.0,53389.0,600.0,4.0,178.0,4.0,2335176856.0,15411056.0
typescript,full-check,4,baseline,3,3,,,3110858750.0,4.0,53389.0,600.0,4.0,178.0,4.0,2290526488.0,15296335.0
typescript,full-check,4,baseline,3,4,,,3147336875.0,4.0,53389.0,600.0,4.0,178.0,4.0,2327792768.0,15405463.0
typescript,one-cold,4,baseline,0,0,,,218856875.0,4.0,49.0,1.0,4.0,0.0,4.0,399668656.0,763966.0
typescript,one-cold,4,baseline,0,1,,,215831834.0,4.0,49.0,1.0,4.0,0.0,4.0,399482072.0,762858.0
typescript,one-cold,4,baseline,0,2,,,190064709.0,4.0,49.0,1.0,4.0,0.0,4.0,399554624.0,762742.0
typescript,one-cold,4,baseline,0,3,,,189548292.0,4.0,49.0,1.0,4.0,0.0,4.0,399627392.0,762545.0
typescript,one-cold,4,baseline,0,4,,,187754251.0,4.0,49.0,1.0,4.0,0.0,4.0,399697120.0,762834.0
typescript,one-cold,4,candidate,1,0,,,192246583.0,4.0,49.0,1.0,4.0,0.0,4.0,399724464.0,762840.0
typescript,one-cold,4,candidate,1,1,,,211543042.0,4.0,49.0,1.0,4.0,0.0,4.0,399747864.0,762669.0
typescript,one-cold,4,candidate,1,2,,,190913667.0,4.0,49.0,1.0,4.0,0.0,4.0,399595624.0,763008.0
typescript,one-cold,4,candidate,1,3,,,187495417.0,4.0,49.0,1.0,4.0,0.0,4.0,399930768.0,767521.0
typescript,one-cold,4,candidate,1,4,,,214483208.0,4.0,49.0,1.0,4.0,0.0,4.0,399626008.0,762707.0
typescript,one-cold,4,candidate,2,0,,,199807208.0,4.0,49.0,1.0,4.0,0.0,4.0,399918688.0,765094.0
typescript,one-cold,4,candidate,2,1,,,228762708.0,4.0,49.0,1.0,4.0,0.0,4.0,399738416.0,763232.0
typescript,one-cold,4,candidate,2,2,,,190898500.0,4.0,49.0,1.0,4.0,0.0,4.0,400038872.0,767533.0
typescript,one-cold,4,candidate,2,3,,,193528792.0,4.0,49.0,1.0,4.0,0.0,4.0,399681936.0,766424.0
typescript,one-cold,4,candidate,2,4,,,197838666.0,4.0,49.0,1.0,4.0,0.0,4.0,400179440.0,768326.0
typescript,one-cold,4,baseline,3,0,,,218412375.0,4.0,49.0,1.0,4.0,0.0,4.0,399700280.0,763347.0
typescript,one-cold,4,baseline,3,1,,,198909708.0,4.0,49.0,1.0,4.0,0.0,4.0,399600912.0,762549.0
typescript,one-cold,4,baseline,3,2,,,223969208.0,4.0,49.0,1.0,4.0,0.0,4.0,399507376.0,762449.0
typescript,one-cold,4,baseline,3,3,,,213730042.0,4.0,49.0,1.0,4.0,0.0,4.0,399681296.0,762495.0
typescript,one-cold,4,baseline,3,4,,,204050541.0,4.0,49.0,1.0,4.0,0.0,4.0,399371264.0,762578.0
typescript,ten-cold,4,baseline,0,0,,,655187542.0,4.0,7261.0,60.0,4.0,0.0,4.0,744575000.0,3203318.0
typescript,ten-cold,4,baseline,0,1,,,626119833.0,4.0,7261.0,60.0,4.0,0.0,4.0,746477056.0,3196992.0
typescript,ten-cold,4,baseline,0,2,,,673250417.0,4.0,7261.0,60.0,4.0,0.0,4.0,735124704.0,3170005.0
typescript,ten-cold,4,baseline,0,3,,,629396083.0,4.0,7261.0,60.0,4.0,0.0,4.0,745415544.0,3192368.0
typescript,ten-cold,4,baseline,0,4,,,632402625.0,4.0,7261.0,60.0,4.0,0.0,4.0,745015480.0,3197131.0
typescript,ten-cold,4,candidate,1,0,,,970078584.0,4.0,7261.0,60.0,4.0,0.0,4.0,751324176.0,3211763.0
typescript,ten-cold,4,candidate,1,1,,,976530125.0,4.0,7261.0,60.0,4.0,0.0,4.0,751403720.0,3211951.0
typescript,ten-cold,4,candidate,1,2,,,971259333.0,4.0,7261.0,60.0,4.0,0.0,4.0,751209536.0,3210962.0
typescript,ten-cold,4,candidate,1,3,,,1019060750.0,4.0,7261.0,60.0,4.0,0.0,4.0,751659728.0,3211939.0
typescript,ten-cold,4,candidate,1,4,,,999246958.0,4.0,7261.0,60.0,4.0,0.0,4.0,750808232.0,3212602.0
typescript,ten-cold,4,candidate,2,0,,,976520459.0,4.0,7261.0,60.0,4.0,0.0,4.0,751573768.0,3212371.0
typescript,ten-cold,4,candidate,2,1,,,985424042.0,4.0,7261.0,60.0,4.0,0.0,4.0,751186096.0,3211349.0
typescript,ten-cold,4,candidate,2,2,,,985442416.0,4.0,7261.0,60.0,4.0,0.0,4.0,750821608.0,3211428.0
typescript,ten-cold,4,candidate,2,3,,,988199291.0,4.0,7261.0,60.0,4.0,0.0,4.0,751265112.0,3211957.0
typescript,ten-cold,4,candidate,2,4,,,976105041.0,4.0,7261.0,60.0,4.0,0.0,4.0,751363912.0,3211705.0
typescript,ten-cold,4,baseline,3,0,,,630165999.0,4.0,7261.0,60.0,4.0,0.0,4.0,735434720.0,3164684.0
typescript,ten-cold,4,baseline,3,1,,,636223959.0,4.0,7261.0,60.0,4.0,0.0,4.0,749019840.0,3202256.0
typescript,ten-cold,4,baseline,3,2,,,637412875.0,4.0,7261.0,60.0,4.0,0.0,4.0,745567168.0,3198404.0
typescript,ten-cold,4,baseline,3,3,,,689091541.0,4.0,7261.0,60.0,4.0,0.0,4.0,744966160.0,3192599.0
typescript,ten-cold,4,baseline,3,4,,,637241417.0,4.0,7261.0,60.0,4.0,0.0,4.0,736640496.0,3173300.0
typescript,one-warm,4,baseline,0,0,,,6750833.0,4.0,49.0,1.0,4.0,0.0,4.0,1779488.0,13614.0
typescript,one-warm,4,baseline,0,1,,,6164126.0,4.0,49.0,1.0,4.0,0.0,4.0,1661304.0,13606.0
typescript,one-warm,4,baseline,0,2,,,7219708.0,4.0,49.0,1.0,4.0,0.0,4.0,1586200.0,13594.0
typescript,one-warm,4,baseline,0,3,,,6607042.0,4.0,49.0,1.0,4.0,0.0,4.0,1624120.0,13603.0
typescript,one-warm,4,baseline,0,4,,,6959874.0,4.0,49.0,1.0,4.0,0.0,4.0,1585664.0,13591.0
typescript,one-warm,4,candidate,1,0,,,4965167.0,4.0,49.0,1.0,4.0,0.0,4.0,1293544.0,12900.0
typescript,one-warm,4,candidate,1,1,,,4398875.0,4.0,49.0,1.0,4.0,0.0,4.0,1292488.0,12895.0
typescript,one-warm,4,candidate,1,2,,,4829833.0,4.0,49.0,1.0,4.0,0.0,4.0,1292008.0,12892.0
typescript,one-warm,4,candidate,1,3,,,4697584.0,4.0,49.0,1.0,4.0,0.0,4.0,1292104.0,12893.0
typescript,one-warm,4,candidate,1,4,,,4915375.0,4.0,49.0,1.0,4.0,0.0,4.0,1292584.0,12896.0
typescript,one-warm,4,candidate,2,0,,,5295167.0,4.0,49.0,1.0,4.0,0.0,4.0,1292968.0,12898.0
typescript,one-warm,4,candidate,2,1,,,4669833.0,4.0,49.0,1.0,4.0,0.0,4.0,1292800.0,12897.0
typescript,one-warm,4,candidate,2,2,,,4962459.0,4.0,49.0,1.0,4.0,0.0,4.0,1292648.0,12896.0
typescript,one-warm,4,candidate,2,3,,,6911792.0,4.0,49.0,1.0,4.0,0.0,4.0,1294776.0,12905.0
typescript,one-warm,4,candidate,2,4,,,5729042.0,4.0,49.0,1.0,4.0,0.0,4.0,1330472.0,12904.0
typescript,one-warm,4,baseline,3,0,,,6745625.0,4.0,49.0,1.0,4.0,0.0,4.0,1586136.0,13594.0
typescript,one-warm,4,baseline,3,1,,,6374833.0,4.0,49.0,1.0,4.0,0.0,4.0,1704928.0,13602.0
typescript,one-warm,4,baseline,3,2,,,7098458.0,4.0,49.0,1.0,4.0,0.0,4.0,1622744.0,13596.0
typescript,one-warm,4,baseline,3,3,,,7491959.0,4.0,49.0,1.0,4.0,0.0,4.0,1623136.0,13598.0
typescript,one-warm,4,baseline,3,4,,,6978542.0,4.0,49.0,1.0,4.0,0.0,4.0,1659744.0,13600.0
typescript,ten-warm,4,baseline,0,0,,,435684708.0,4.0,7261.0,60.0,4.0,0.0,4.0,203838832.0,1679236.0
typescript,ten-warm,4,baseline,0,1,,,429325542.0,4.0,7261.0,60.0,4.0,0.0,4.0,215595872.0,1781526.0
typescript,ten-warm,4,baseline,0,2,,,428514333.0,4.0,7261.0,60.0,4.0,0.0,4.0,204715896.0,1682266.0
typescript,ten-warm,4,baseline,0,3,,,435363750.0,4.0,7261.0,60.0,4.0,0.0,4.0,204362672.0,1680390.0
typescript,ten-warm,4,baseline,0,4,,,434594750.0,4.0,7261.0,60.0,4.0,0.0,4.0,204344488.0,1683938.0
typescript,ten-warm,4,candidate,1,0,,,610396959.0,4.0,7261.0,60.0,4.0,0.0,4.0,178290064.0,1542357.0
typescript,ten-warm,4,candidate,1,1,,,606450625.0,4.0,7261.0,60.0,4.0,0.0,4.0,177219504.0,1542538.0
typescript,ten-warm,4,candidate,1,2,,,613974916.0,4.0,7261.0,60.0,4.0,0.0,4.0,177134488.0,1542749.0
typescript,ten-warm,4,candidate,1,3,,,605344417.0,4.0,7261.0,60.0,4.0,0.0,4.0,177905224.0,1542732.0
typescript,ten-warm,4,candidate,1,4,,,602514541.0,4.0,7261.0,60.0,4.0,0.0,4.0,177672104.0,1542760.0
typescript,ten-warm,4,candidate,2,0,,,608176375.0,4.0,7261.0,60.0,4.0,0.0,4.0,177762584.0,1542476.0
typescript,ten-warm,4,candidate,2,1,,,606842417.0,4.0,7261.0,60.0,4.0,0.0,4.0,178409800.0,1542731.0
typescript,ten-warm,4,candidate,2,2,,,605849875.0,4.0,7261.0,60.0,4.0,0.0,4.0,177522984.0,1542290.0
typescript,ten-warm,4,candidate,2,3,,,656260291.0,4.0,7261.0,60.0,4.0,0.0,4.0,177330096.0,1542634.0
typescript,ten-warm,4,candidate,2,4,,,606023499.0,4.0,7261.0,60.0,4.0,0.0,4.0,177764624.0,1542696.0
typescript,ten-warm,4,baseline,3,0,,,497372583.0,4.0,7261.0,60.0,4.0,0.0,4.0,203050920.0,1674889.0
typescript,ten-warm,4,baseline,3,1,,,427610667.0,4.0,7261.0,60.0,4.0,0.0,4.0,203897600.0,1680271.0
typescript,ten-warm,4,baseline,3,2,,,471797000.0,4.0,7261.0,60.0,4.0,0.0,4.0,232017984.0,1869433.0
typescript,ten-warm,4,baseline,3,3,,,526902625.0,4.0,7261.0,60.0,4.0,0.0,4.0,215238456.0,1749840.0
typescript,ten-warm,4,baseline,3,4,,,440820126.0,4.0,7261.0,60.0,4.0,0.0,4.0,213572712.0,1742545.0
typeorm,full-lint,4,baseline,0,0,,,1025992792.0,4.0,27525.0,3172.0,4.0,0.0,4.0,987764800.0,8628194.0
typeorm,full-lint,4,baseline,0,1,,,1037521291.0,4.0,27525.0,3172.0,4.0,0.0,4.0,988531248.0,8627504.0
typeorm,full-lint,4,baseline,0,2,,,1039553042.0,4.0,27525.0,3172.0,4.0,0.0,4.0,988804288.0,8630744.0
typeorm,full-lint,4,baseline,0,3,,,994017000.0,4.0,27525.0,3172.0,4.0,0.0,4.0,988753120.0,8632747.0
typeorm,full-lint,4,baseline,0,4,,,1010616083.0,4.0,27525.0,3172.0,4.0,0.0,4.0,988413784.0,8631834.0
typeorm,full-lint,4,candidate,1,0,,,1100954708.0,4.0,27525.0,3172.0,4.0,0.0,4.0,986857392.0,8632638.0
typeorm,full-lint,4,candidate,1,1,,,1093466917.0,4.0,27525.0,3172.0,4.0,0.0,4.0,986396072.0,8630994.0
typeorm,full-lint,4,candidate,1,2,,,1069209709.0,4.0,27525.0,3172.0,4.0,0.0,4.0,986926400.0,8632475.0
typeorm,full-lint,4,candidate,1,3,,,1098020833.0,4.0,27525.0,3172.0,4.0,0.0,4.0,986759824.0,8632244.0
typeorm,full-lint,4,candidate,1,4,,,1102391958.0,4.0,27525.0,3172.0,4.0,0.0,4.0,986787264.0,8632076.0
typeorm,full-lint,4,candidate,2,0,,,1063192292.0,4.0,27525.0,3172.0,4.0,0.0,4.0,986288368.0,8631108.0
typeorm,full-lint,4,candidate,2,1,,,1094818541.0,4.0,27525.0,3172.0,4.0,0.0,4.0,986480896.0,8631377.0
typeorm,full-lint,4,candidate,2,2,,,1059444042.0,4.0,27525.0,3172.0,4.0,0.0,4.0,987264224.0,8637878.0
typeorm,full-lint,4,candidate,2,3,,,1064050291.0,4.0,27525.0,3172.0,4.0,0.0,4.0,986616280.0,8631558.0
typeorm,full-lint,4,candidate,2,4,,,1081734583.0,4.0,27525.0,3172.0,4.0,0.0,4.0,986625560.0,8631698.0
typeorm,full-lint,4,baseline,3,0,,,1008867125.0,4.0,27525.0,3172.0,4.0,0.0,4.0,988399560.0,8632457.0
typeorm,full-lint,4,baseline,3,1,,,1022945917.0,4.0,27525.0,3172.0,4.0,0.0,4.0,986739936.0,8617964.0
typeorm,full-lint,4,baseline,3,2,,,996021792.0,4.0,27525.0,3172.0,4.0,0.0,4.0,987236696.0,8628798.0
typeorm,full-lint,4,baseline,3,3,,,1020174916.0,4.0,27525.0,3172.0,4.0,0.0,4.0,991994416.0,8647507.0
typeorm,full-lint,4,baseline,3,4,,,1022567209.0,4.0,27525.0,3172.0,4.0,0.0,4.0,985831768.0,8616109.0
typeorm,full-check,4,baseline,0,0,,,1380523333.0,4.0,27525.0,3172.0,4.0,1.0,4.0,1224853384.0,10143331.0
typeorm,full-check,4,baseline,0,1,,,1360206417.0,4.0,27525.0,3172.0,4.0,1.0,4.0,1228964288.0,10166546.0
typeorm,full-check,4,baseline,0,2,,,1304723416.0,4.0,27526.0,3172.0,4.0,1.0,4.0,1225287904.0,10133799.0
typeorm,full-check,4,baseline,0,3,,,1273640291.0,4.0,27525.0,3172.0,4.0,1.0,4.0,1223116880.0,10115684.0
typeorm,full-check,4,baseline,0,4,,,1359769500.0,4.0,27525.0,3172.0,4.0,1.0,4.0,1218059600.0,10101766.0
typeorm,full-check,4,candidate,1,0,,,1181770709.0,4.0,27526.0,3172.0,4.0,1.0,4.0,1038589008.0,8971125.0
typeorm,full-check,4,candidate,1,1,,,1162644750.0,4.0,27526.0,3172.0,4.0,1.0,4.0,1038859840.0,8971386.0
typeorm,full-check,4,candidate,1,2,,,1162155125.0,4.0,27526.0,3172.0,4.0,1.0,4.0,1038767144.0,8971142.0
typeorm,full-check,4,candidate,1,3,,,1168153125.0,4.0,27526.0,3172.0,4.0,1.0,4.0,1038978376.0,8972553.0
typeorm,full-check,4,candidate,1,4,,,1118520125.0,4.0,27526.0,3172.0,4.0,1.0,4.0,1038922000.0,8971696.0
typeorm,full-check,4,candidate,2,0,,,1233788918.0,4.0,27526.0,3172.0,4.0,1.0,4.0,1040246456.0,8975948.0
typeorm,full-check,4,candidate,2,1,,,1144477833.0,4.0,27526.0,3172.0,4.0,1.0,4.0,1039314192.0,8972628.0
typeorm,full-check,4,candidate,2,2,,,1151700208.0,4.0,27526.0,3172.0,4.0,1.0,4.0,1038814320.0,8971134.0
typeorm,full-check,4,candidate,2,3,,,1145294166.0,4.0,27526.0,3172.0,4.0,1.0,4.0,1038811920.0,8971142.0
typeorm,full-check,4,candidate,2,4,,,1175006791.0,4.0,27526.0,3172.0,4.0,1.0,4.0,1039187504.0,8973668.0
typeorm,full-check,4,baseline,3,0,,,1306835791.0,4.0,27525.0,3172.0,4.0,1.0,4.0,1231793928.0,10175019.0
typeorm,full-check,4,baseline,3,1,,,1292777125.0,4.0,27525.0,3172.0,4.0,1.0,4.0,1215640688.0,10121756.0
typeorm,full-check,4,baseline,3,2,,,1366558541.0,4.0,27525.0,3172.0,4.0,1.0,4.0,1227943824.0,10143405.0
typeorm,full-check,4,baseline,3,3,,,1288906501.0,4.0,27525.0,3172.0,4.0,1.0,4.0,1225064480.0,10150646.0
typeorm,full-check,4,baseline,3,4,,,1362948041.0,4.0,27525.0,3172.0,4.0,1.0,4.0,1233656672.0,10197785.0
typeorm,one-cold,4,baseline,0,0,,,260550749.0,4.0,0.0,1.0,4.0,0.0,4.0,314202848.0,1388397.0
typeorm,one-cold,4,baseline,0,1,,,267868167.0,4.0,0.0,1.0,4.0,0.0,4.0,314305448.0,1388122.0
typeorm,one-cold,4,baseline,0,2,,,265922625.0,4.0,0.0,1.0,4.0,0.0,4.0,314493160.0,1388553.0
typeorm,one-cold,4,baseline,0,3,,,279489292.0,4.0,0.0,1.0,4.0,0.0,4.0,314356336.0,1388858.0
typeorm,one-cold,4,baseline,0,4,,,289671875.0,4.0,0.0,1.0,4.0,0.0,4.0,314175728.0,1389125.0
typeorm,one-cold,4,candidate,1,0,,,290051500.0,4.0,0.0,1.0,4.0,0.0,4.0,314203200.0,1388448.0
typeorm,one-cold,4,candidate,1,1,,,298138541.0,4.0,0.0,1.0,4.0,0.0,4.0,314232504.0,1387732.0
typeorm,one-cold,4,candidate,1,2,,,281826584.0,4.0,0.0,1.0,4.0,0.0,4.0,314486544.0,1388311.0
typeorm,one-cold,4,candidate,1,3,,,262675000.0,4.0,0.0,1.0,4.0,0.0,4.0,314311920.0,1388953.0
typeorm,one-cold,4,candidate,1,4,,,261812917.0,4.0,0.0,1.0,4.0,0.0,4.0,314872408.0,1391504.0
typeorm,one-cold,4,candidate,2,0,,,261077375.0,4.0,0.0,1.0,4.0,0.0,4.0,313941936.0,1387721.0
typeorm,one-cold,4,candidate,2,1,,,270624167.0,4.0,0.0,1.0,4.0,0.0,4.0,314222376.0,1387323.0
typeorm,one-cold,4,candidate,2,2,,,274282917.0,4.0,0.0,1.0,4.0,0.0,4.0,315404128.0,1400451.0
typeorm,one-cold,4,candidate,2,3,,,265412500.0,4.0,0.0,1.0,4.0,0.0,4.0,314284128.0,1388391.0
typeorm,one-cold,4,candidate,2,4,,,275883834.0,4.0,0.0,1.0,4.0,0.0,4.0,315011296.0,1396357.0
typeorm,one-cold,4,baseline,3,0,,,283276750.0,4.0,0.0,1.0,4.0,0.0,4.0,314387480.0,1388709.0
typeorm,one-cold,4,baseline,3,1,,,277098333.0,4.0,0.0,1.0,4.0,0.0,4.0,314449272.0,1388209.0
typeorm,one-cold,4,baseline,3,2,,,264860958.0,4.0,0.0,1.0,4.0,0.0,4.0,314403232.0,1389798.0
typeorm,one-cold,4,baseline,3,3,,,272427833.0,4.0,0.0,1.0,4.0,0.0,4.0,314406016.0,1388496.0
typeorm,one-cold,4,baseline,3,4,,,271457043.0,4.0,0.0,1.0,4.0,0.0,4.0,314248712.0,1388481.0
typeorm,ten-cold,4,baseline,0,0,,,362148500.0,4.0,3321.0,318.0,4.0,0.0,4.0,410754712.0,2289951.0
typeorm,ten-cold,4,baseline,0,1,,,366254209.0,4.0,3321.0,318.0,4.0,0.0,4.0,410630136.0,2289647.0
typeorm,ten-cold,4,baseline,0,2,,,396942125.0,4.0,3321.0,318.0,4.0,0.0,4.0,412641688.0,2296938.0
typeorm,ten-cold,4,baseline,0,3,,,380219334.0,4.0,3321.0,318.0,4.0,0.0,4.0,411104800.0,2297340.0
typeorm,ten-cold,4,baseline,0,4,,,371353500.0,4.0,3321.0,318.0,4.0,0.0,4.0,410445264.0,2292658.0
typeorm,ten-cold,4,candidate,1,0,,,372220041.0,4.0,3321.0,318.0,4.0,0.0,4.0,410538792.0,2290670.0
typeorm,ten-cold,4,candidate,1,1,,,376100624.0,4.0,3321.0,318.0,4.0,0.0,4.0,410235512.0,2288573.0
typeorm,ten-cold,4,candidate,1,2,,,371120666.0,4.0,3321.0,318.0,4.0,0.0,4.0,410198080.0,2288951.0
typeorm,ten-cold,4,candidate,1,3,,,408370833.0,4.0,3321.0,318.0,4.0,0.0,4.0,410810056.0,2290807.0
typeorm,ten-cold,4,candidate,1,4,,,379353499.0,4.0,3321.0,318.0,4.0,0.0,4.0,410610888.0,2288904.0
typeorm,ten-cold,4,candidate,2,0,,,407781874.0,4.0,3321.0,318.0,4.0,0.0,4.0,410845352.0,2293346.0
typeorm,ten-cold,4,candidate,2,1,,,376652500.0,4.0,3321.0,318.0,4.0,0.0,4.0,410737584.0,2289055.0
typeorm,ten-cold,4,candidate,2,2,,,377290084.0,4.0,3321.0,318.0,4.0,0.0,4.0,410045608.0,2287841.0
typeorm,ten-cold,4,candidate,2,3,,,374978083.0,4.0,3321.0,318.0,4.0,0.0,4.0,410228816.0,2288087.0
typeorm,ten-cold,4,candidate,2,4,,,382787166.0,4.0,3321.0,318.0,4.0,0.0,4.0,410659432.0,2292398.0
typeorm,ten-cold,4,baseline,3,0,,,379357499.0,4.0,3321.0,318.0,4.0,0.0,4.0,411492856.0,2296002.0
typeorm,ten-cold,4,baseline,3,1,,,358590958.0,4.0,3321.0,318.0,4.0,0.0,4.0,410295560.0,2296591.0
typeorm,ten-cold,4,baseline,3,2,,,382478625.0,4.0,3321.0,318.0,4.0,0.0,4.0,411361744.0,2299255.0
typeorm,ten-cold,4,baseline,3,3,,,384988166.0,4.0,3321.0,318.0,4.0,0.0,4.0,411104936.0,2296216.0
typeorm,ten-cold,4,baseline,3,4,,,359136250.0,4.0,3321.0,318.0,4.0,0.0,4.0,410454040.0,2295478.0
typeorm,one-warm,4,baseline,0,0,,,307958.0,4.0,0.0,1.0,4.0,0.0,4.0,235432.0,1601.0
typeorm,one-warm,4,baseline,0,1,,,352001.0,4.0,0.0,1.0,4.0,0.0,4.0,234952.0,1599.0
typeorm,one-warm,4,baseline,0,2,,,362125.0,4.0,0.0,1.0,4.0,0.0,4.0,235912.0,1604.0
typeorm,one-warm,4,baseline,0,3,,,355875.0,4.0,0.0,1.0,4.0,0.0,4.0,234952.0,1600.0
typeorm,one-warm,4,baseline,0,4,,,359000.0,4.0,0.0,1.0,4.0,0.0,4.0,235272.0,1600.0
typeorm,one-warm,4,candidate,1,0,,,345375.0,4.0,0.0,1.0,4.0,0.0,4.0,234320.0,1579.0
typeorm,one-warm,4,candidate,1,1,,,358125.0,4.0,0.0,1.0,4.0,0.0,4.0,234160.0,1578.0
typeorm,one-warm,4,candidate,1,2,,,414625.0,4.0,0.0,1.0,4.0,0.0,4.0,234320.0,1579.0
typeorm,one-warm,4,candidate,1,3,,,389041.0,4.0,0.0,1.0,4.0,0.0,4.0,270000.0,1576.0
typeorm,one-warm,4,candidate,1,4,,,340666.0,4.0,0.0,1.0,4.0,0.0,4.0,234800.0,1582.0
typeorm,one-warm,4,candidate,2,0,,,488751.0,4.0,0.0,1.0,4.0,0.0,4.0,233808.0,1576.0
typeorm,one-warm,4,candidate,2,1,,,358208.0,4.0,0.0,1.0,4.0,0.0,4.0,233200.0,1572.0
typeorm,one-warm,4,candidate,2,2,,,310458.0,4.0,0.0,1.0,4.0,0.0,4.0,233680.0,1576.0
typeorm,one-warm,4,candidate,2,3,,,333167.0,4.0,0.0,1.0,4.0,0.0,4.0,234000.0,1577.0
typeorm,one-warm,4,candidate,2,4,,,423584.0,4.0,0.0,1.0,4.0,0.0,4.0,234640.0,1581.0
typeorm,one-warm,4,baseline,3,0,,,360791.0,4.0,0.0,1.0,4.0,0.0,4.0,235752.0,1603.0
typeorm,one-warm,4,baseline,3,1,,,375709.0,4.0,0.0,1.0,4.0,0.0,4.0,235432.0,1601.0
typeorm,one-warm,4,baseline,3,2,,,500917.0,4.0,0.0,1.0,4.0,0.0,4.0,236040.0,1605.0
typeorm,one-warm,4,baseline,3,3,,,387083.0,4.0,0.0,1.0,4.0,0.0,4.0,234600.0,1596.0
typeorm,one-warm,4,baseline,3,4,,,339417.0,4.0,0.0,1.0,4.0,0.0,4.0,234952.0,1599.0
typeorm,ten-warm,4,baseline,0,0,,,55327792.0,4.0,3321.0,318.0,4.0,0.0,4.0,61337624.0,735172.0
typeorm,ten-warm,4,baseline,0,1,,,58389166.0,4.0,3321.0,318.0,4.0,0.0,4.0,62940024.0,745827.0
typeorm,ten-warm,4,baseline,0,2,,,62465167.0,4.0,3321.0,318.0,4.0,0.0,4.0,55373160.0,700500.0
typeorm,ten-warm,4,baseline,0,3,,,55790875.0,4.0,3321.0,318.0,4.0,0.0,4.0,61284256.0,734637.0
typeorm,ten-warm,4,baseline,0,4,,,54545041.0,4.0,3321.0,318.0,4.0,0.0,4.0,60409912.0,725455.0
typeorm,ten-warm,4,candidate,1,0,,,45209291.0,4.0,3322.0,318.0,4.0,0.0,4.0,37517496.0,574015.0
typeorm,ten-warm,4,candidate,1,1,,,44416083.0,4.0,3322.0,318.0,4.0,0.0,4.0,37835992.0,574253.0
typeorm,ten-warm,4,candidate,1,2,,,59455750.0,4.0,3322.0,318.0,4.0,0.0,4.0,37626368.0,574010.0
typeorm,ten-warm,4,candidate,1,3,,,45361751.0,4.0,3322.0,318.0,4.0,0.0,4.0,37667464.0,574123.0
typeorm,ten-warm,4,candidate,1,4,,,45454292.0,4.0,3322.0,318.0,4.0,0.0,4.0,37789392.0,574002.0
typeorm,ten-warm,4,candidate,2,0,,,45526834.0,4.0,3322.0,318.0,4.0,0.0,4.0,37460152.0,573926.0
typeorm,ten-warm,4,candidate,2,1,,,45106875.0,4.0,3322.0,318.0,4.0,0.0,4.0,37574080.0,574069.0
typeorm,ten-warm,4,candidate,2,2,,,42377334.0,4.0,3322.0,318.0,4.0,0.0,4.0,37683552.0,574089.0
typeorm,ten-warm,4,candidate,2,3,,,43993584.0,4.0,3322.0,318.0,4.0,0.0,4.0,37518896.0,574049.0
typeorm,ten-warm,4,candidate,2,4,,,58160000.0,4.0,3322.0,318.0,4.0,0.0,4.0,37635112.0,574199.0
typeorm,ten-warm,4,baseline,3,0,,,53479000.0,4.0,3321.0,318.0,4.0,0.0,4.0,58413264.0,708815.0
typeorm,ten-warm,4,baseline,3,1,,,52417166.0,4.0,3321.0,318.0,4.0,0.0,4.0,56418904.0,705435.0
typeorm,ten-warm,4,baseline,3,2,,,66423042.0,4.0,3322.0,318.0,4.0,0.0,4.0,58597904.0,711210.0
typeorm,ten-warm,4,baseline,3,3,,,52422083.0,4.0,3321.0,318.0,4.0,0.0,4.0,59117024.0,717728.0
typeorm,ten-warm,4,baseline,3,4,,,52226082.0,4.0,3321.0,318.0,4.0,0.0,4.0,56981320.0,706855.0
vue,full-lint,4,baseline,0,0,,,1011605207.0,4.0,12295.0,432.0,4.0,0.0,4.0,990903664.0,8368715.0
vue,full-lint,4,baseline,0,1,,,988726208.0,4.0,12295.0,432.0,4.0,0.0,4.0,984742384.0,8340637.0
vue,full-lint,4,baseline,0,2,,,1010225583.0,4.0,12295.0,432.0,4.0,0.0,4.0,984863840.0,8330594.0
vue,full-lint,4,baseline,0,3,,,985092542.0,4.0,12295.0,432.0,4.0,0.0,4.0,997392608.0,8371535.0
vue,full-lint,4,baseline,0,4,,,955785376.0,4.0,12295.0,432.0,4.0,0.0,4.0,997351512.0,8353186.0
vue,full-lint,4,candidate,1,0,,,1079393166.0,4.0,12295.0,432.0,4.0,0.0,4.0,997611128.0,8377937.0
vue,full-lint,4,candidate,1,1,,,1051121375.0,4.0,12295.0,432.0,4.0,0.0,4.0,997561088.0,8375244.0
vue,full-lint,4,candidate,1,2,,,1067241417.0,4.0,12295.0,432.0,4.0,0.0,4.0,996872176.0,8371547.0
vue,full-lint,4,candidate,1,3,,,1045448958.0,4.0,12295.0,432.0,4.0,0.0,4.0,996939512.0,8372887.0
vue,full-lint,4,candidate,1,4,,,1058160625.0,4.0,12295.0,432.0,4.0,0.0,4.0,996712824.0,8371604.0
vue,full-lint,4,candidate,2,0,,,1028832917.0,4.0,12295.0,432.0,4.0,0.0,4.0,997032472.0,8370987.0
vue,full-lint,4,candidate,2,1,,,1039307875.0,4.0,12295.0,432.0,4.0,0.0,4.0,997319448.0,8370910.0
vue,full-lint,4,candidate,2,2,,,1046790791.0,4.0,12295.0,432.0,4.0,0.0,4.0,997144024.0,8375143.0
vue,full-lint,4,candidate,2,3,,,1042716708.0,4.0,12295.0,432.0,4.0,0.0,4.0,997226416.0,8371962.0
vue,full-lint,4,candidate,2,4,,,1052501000.0,4.0,12295.0,432.0,4.0,0.0,4.0,996921296.0,8371552.0
vue,full-lint,4,baseline,3,0,,,952661542.0,4.0,12295.0,432.0,4.0,0.0,4.0,996802160.0,8363310.0
vue,full-lint,4,baseline,3,1,,,957985292.0,4.0,12295.0,432.0,4.0,0.0,4.0,964053752.0,8274671.0
vue,full-lint,4,baseline,3,2,,,966672376.0,4.0,12295.0,432.0,4.0,0.0,4.0,988135160.0,8329763.0
vue,full-lint,4,baseline,3,3,,,969202958.0,4.0,12295.0,432.0,4.0,0.0,4.0,972778000.0,8324646.0
vue,full-lint,4,baseline,3,4,,,956688833.0,4.0,12295.0,432.0,4.0,0.0,4.0,983568160.0,8328375.0
vue,full-check,4,baseline,0,0,,,1406265834.0,4.0,12296.0,432.0,4.0,6.0,4.0,1351298096.0,12036608.0
vue,full-check,4,baseline,0,1,,,1505728500.0,4.0,12295.0,432.0,4.0,6.0,4.0,1345900000.0,11834099.0
vue,full-check,4,baseline,0,2,,,1410056666.0,4.0,12297.0,432.0,4.0,6.0,4.0,1309456864.0,11580809.0
vue,full-check,4,baseline,0,3,,,1520642791.0,4.0,12296.0,432.0,4.0,6.0,4.0,1356748280.0,11547759.0
vue,full-check,4,baseline,0,4,,,1460324167.0,4.0,12293.0,432.0,4.0,6.0,4.0,1341867216.0,11932468.0
vue,full-check,4,candidate,1,0,,,1165960416.0,4.0,12295.0,432.0,4.0,6.0,4.0,1021150840.0,8537540.0
vue,full-check,4,candidate,1,1,,,1078680417.0,4.0,12295.0,432.0,4.0,6.0,4.0,1021022976.0,8536592.0
vue,full-check,4,candidate,1,2,,,1071171334.0,4.0,12295.0,432.0,4.0,6.0,4.0,1020894056.0,8535581.0
vue,full-check,4,candidate,1,3,,,1168131208.0,4.0,12295.0,432.0,4.0,6.0,4.0,1021449608.0,8541307.0
vue,full-check,4,candidate,1,4,,,1062720791.0,4.0,12295.0,432.0,4.0,6.0,4.0,1020850928.0,8537248.0
vue,full-check,4,candidate,2,0,,,1162798834.0,4.0,12295.0,432.0,4.0,6.0,4.0,1021161296.0,8537278.0
vue,full-check,4,candidate,2,1,,,1041151625.0,4.0,12295.0,432.0,4.0,6.0,4.0,1021429504.0,8537330.0
vue,full-check,4,candidate,2,2,,,1173709042.0,4.0,12295.0,432.0,4.0,6.0,4.0,1021082728.0,8537105.0
vue,full-check,4,candidate,2,3,,,1076854167.0,4.0,12295.0,432.0,4.0,6.0,4.0,1021246440.0,8536650.0
vue,full-check,4,candidate,2,4,,,1111782709.0,4.0,12295.0,432.0,4.0,6.0,4.0,1021070792.0,8536758.0
vue,full-check,4,baseline,3,0,,,1452365583.0,4.0,12294.0,432.0,4.0,6.0,4.0,1329743496.0,11426098.0
vue,full-check,4,baseline,3,1,,,1423245917.0,4.0,12295.0,432.0,4.0,6.0,4.0,1360786592.0,12165478.0
vue,full-check,4,baseline,3,2,,,1452530625.0,4.0,12296.0,432.0,4.0,6.0,4.0,1335905704.0,11368786.0
vue,full-check,4,baseline,3,3,,,1330033793.0,4.0,12297.0,432.0,4.0,6.0,4.0,1296154576.0,10996919.0
vue,full-check,4,baseline,3,4,,,1487936416.0,4.0,12294.0,432.0,4.0,6.0,4.0,1326409616.0,11357233.0
vue,one-cold,4,baseline,0,0,,,146432041.0,4.0,119.0,1.0,4.0,0.0,4.0,218639824.0,495055.0
vue,one-cold,4,baseline,0,1,,,146437542.0,4.0,119.0,1.0,4.0,0.0,4.0,218580152.0,494458.0
vue,one-cold,4,baseline,0,2,,,134994417.0,4.0,119.0,1.0,4.0,0.0,4.0,218728008.0,495842.0
vue,one-cold,4,baseline,0,3,,,134377375.0,4.0,119.0,1.0,4.0,0.0,4.0,218726160.0,496862.0
vue,one-cold,4,baseline,0,4,,,147590583.0,4.0,119.0,1.0,4.0,0.0,4.0,218858216.0,496715.0
vue,one-cold,4,candidate,1,0,,,147188500.0,4.0,119.0,1.0,4.0,0.0,4.0,218515640.0,495484.0
vue,one-cold,4,candidate,1,1,,,149887542.0,4.0,119.0,1.0,4.0,0.0,4.0,218592176.0,494775.0
vue,one-cold,4,candidate,1,2,,,148671125.0,4.0,119.0,1.0,4.0,0.0,4.0,218703336.0,496157.0
vue,one-cold,4,candidate,1,3,,,145244750.0,4.0,119.0,1.0,4.0,0.0,4.0,218752576.0,496397.0
vue,one-cold,4,candidate,1,4,,,147096416.0,4.0,119.0,1.0,4.0,0.0,4.0,218599352.0,495359.0
vue,one-cold,4,candidate,2,0,,,152343292.0,4.0,119.0,1.0,4.0,0.0,4.0,218668088.0,495392.0
vue,one-cold,4,candidate,2,1,,,147407374.0,4.0,119.0,1.0,4.0,0.0,4.0,218628792.0,494624.0
vue,one-cold,4,candidate,2,2,,,150449041.0,4.0,119.0,1.0,4.0,0.0,4.0,218727608.0,497023.0
vue,one-cold,4,candidate,2,3,,,146708292.0,4.0,119.0,1.0,4.0,0.0,4.0,218446624.0,494646.0
vue,one-cold,4,candidate,2,4,,,141555416.0,4.0,119.0,1.0,4.0,0.0,4.0,218645088.0,495615.0
vue,one-cold,4,baseline,3,0,,,147266042.0,4.0,119.0,1.0,4.0,0.0,4.0,218741656.0,495737.0
vue,one-cold,4,baseline,3,1,,,149313624.0,4.0,119.0,1.0,4.0,0.0,4.0,218448288.0,494408.0
vue,one-cold,4,baseline,3,2,,,139176376.0,4.0,119.0,1.0,4.0,0.0,4.0,218492896.0,494623.0
vue,one-cold,4,baseline,3,3,,,139023625.0,4.0,119.0,1.0,4.0,0.0,4.0,218634848.0,495444.0
vue,one-cold,4,baseline,3,4,,,133917333.0,4.0,119.0,1.0,4.0,0.0,4.0,218511168.0,494500.0
vue,ten-cold,4,baseline,0,0,,,250922251.0,4.0,1443.0,44.0,4.0,0.0,4.0,320991672.0,1799667.0
vue,ten-cold,4,baseline,0,1,,,252981625.0,4.0,1443.0,44.0,4.0,0.0,4.0,320574944.0,1800383.0
vue,ten-cold,4,baseline,0,2,,,245426958.0,4.0,1443.0,44.0,4.0,0.0,4.0,320430960.0,1800702.0
vue,ten-cold,4,baseline,0,3,,,271815416.0,4.0,1443.0,44.0,4.0,0.0,4.0,320175416.0,1802882.0
vue,ten-cold,4,baseline,0,4,,,248895959.0,4.0,1443.0,44.0,4.0,0.0,4.0,320336600.0,1797051.0
vue,ten-cold,4,candidate,1,0,,,243802792.0,4.0,1443.0,44.0,4.0,0.0,4.0,321747896.0,1783713.0
vue,ten-cold,4,candidate,1,1,,,244320292.0,4.0,1443.0,44.0,4.0,0.0,4.0,321742352.0,1784008.0
vue,ten-cold,4,candidate,1,2,,,239838583.0,4.0,1443.0,44.0,4.0,0.0,4.0,322334288.0,1792050.0
vue,ten-cold,4,candidate,1,3,,,252390417.0,4.0,1443.0,44.0,4.0,0.0,4.0,321825640.0,1785843.0
vue,ten-cold,4,candidate,1,4,,,255542124.0,4.0,1443.0,44.0,4.0,0.0,4.0,321764872.0,1784108.0
vue,ten-cold,4,candidate,2,0,,,249398500.0,4.0,1443.0,44.0,4.0,0.0,4.0,321749144.0,1784131.0
vue,ten-cold,4,candidate,2,1,,,239943791.0,4.0,1443.0,44.0,4.0,0.0,4.0,321683704.0,1783197.0
vue,ten-cold,4,candidate,2,2,,,254986708.0,4.0,1443.0,44.0,4.0,0.0,4.0,321839616.0,1785465.0
vue,ten-cold,4,candidate,2,3,,,252238458.0,4.0,1443.0,44.0,4.0,0.0,4.0,321684864.0,1784040.0
vue,ten-cold,4,candidate,2,4,,,243810457.0,4.0,1443.0,44.0,4.0,0.0,4.0,321798736.0,1785311.0
vue,ten-cold,4,baseline,3,0,,,271525584.0,4.0,1443.0,44.0,4.0,0.0,4.0,320632904.0,1801014.0
vue,ten-cold,4,baseline,3,1,,,279778333.0,4.0,1443.0,44.0,4.0,0.0,4.0,320082456.0,1798823.0
vue,ten-cold,4,baseline,3,2,,,258224500.0,4.0,1443.0,44.0,4.0,0.0,4.0,328129080.0,1810268.0
vue,ten-cold,4,baseline,3,3,,,289708041.0,4.0,1443.0,44.0,4.0,0.0,4.0,328895576.0,1817082.0
vue,ten-cold,4,baseline,3,4,,,259863625.0,4.0,1443.0,44.0,4.0,0.0,4.0,319255840.0,1797751.0
vue,one-warm,4,baseline,0,0,,,7029666.0,4.0,119.0,1.0,4.0,0.0,4.0,1593432.0,16672.0
vue,one-warm,4,baseline,0,1,,,6484041.0,4.0,119.0,1.0,4.0,0.0,4.0,1457232.0,16666.0
vue,one-warm,4,baseline,0,2,,,6994917.0,4.0,119.0,1.0,4.0,0.0,4.0,1531712.0,16678.0
vue,one-warm,4,baseline,0,3,,,6643709.0,4.0,119.0,1.0,4.0,0.0,4.0,1592312.0,16673.0
vue,one-warm,4,baseline,0,4,,,7069375.0,4.0,119.0,1.0,4.0,0.0,4.0,1456912.0,16664.0
vue,one-warm,4,candidate,1,0,,,4858750.0,4.0,119.0,1.0,4.0,0.0,4.0,832352.0,12122.0
vue,one-warm,4,candidate,1,1,,,4043749.0,4.0,119.0,1.0,4.0,0.0,4.0,831808.0,12120.0
vue,one-warm,4,candidate,1,2,,,3472125.0,4.0,119.0,1.0,4.0,0.0,4.0,832376.0,12124.0
vue,one-warm,4,candidate,1,3,,,5071709.0,4.0,119.0,1.0,4.0,0.0,4.0,870168.0,12132.0
vue,one-warm,4,candidate,1,4,,,3968250.0,4.0,119.0,1.0,4.0,0.0,4.0,831488.0,12118.0
vue,one-warm,4,candidate,2,0,,,5375666.0,4.0,119.0,1.0,4.0,0.0,4.0,868664.0,12123.0
vue,one-warm,4,candidate,2,1,,,3730958.0,4.0,119.0,1.0,4.0,0.0,4.0,832128.0,12122.0
vue,one-warm,4,candidate,2,2,,,3743666.0,4.0,119.0,1.0,4.0,0.0,4.0,831808.0,12120.0
vue,one-warm,4,candidate,2,3,,,3685333.0,4.0,119.0,1.0,4.0,0.0,4.0,831256.0,12117.0
vue,one-warm,4,candidate,2,4,,,4811458.0,4.0,119.0,1.0,4.0,0.0,4.0,869512.0,12128.0
vue,one-warm,4,baseline,3,0,,,6853125.0,4.0,119.0,1.0,4.0,0.0,4.0,1539072.0,16670.0
vue,one-warm,4,baseline,3,1,,,6643376.0,4.0,119.0,1.0,4.0,0.0,4.0,1419808.0,16659.0
vue,one-warm,4,baseline,3,2,,,5893667.0,4.0,119.0,1.0,4.0,0.0,4.0,1567448.0,16674.0
vue,one-warm,4,baseline,3,3,,,6000167.0,4.0,119.0,1.0,4.0,0.0,4.0,1611096.0,16672.0
vue,one-warm,4,baseline,3,4,,,5797333.0,4.0,119.0,1.0,4.0,0.0,4.0,1493840.0,16668.0
vue,ten-warm,4,baseline,0,0,,,104499709.0,4.0,1443.0,44.0,4.0,0.0,4.0,51984272.0,1062600.0
vue,ten-warm,4,baseline,0,1,,,106285875.0,4.0,1443.0,44.0,4.0,0.0,4.0,45263944.0,940454.0
vue,ten-warm,4,baseline,0,2,,,99623501.0,4.0,1443.0,44.0,4.0,0.0,4.0,49443104.0,1052427.0
vue,ten-warm,4,baseline,0,3,,,105552875.0,4.0,1443.0,44.0,4.0,0.0,4.0,52733200.0,1084107.0
vue,ten-warm,4,baseline,0,4,,,100852583.0,4.0,1443.0,44.0,4.0,0.0,4.0,51407320.0,1076179.0
vue,ten-warm,4,candidate,1,0,,,23239584.0,4.0,1443.0,44.0,4.0,0.0,4.0,16322392.0,346948.0
vue,ten-warm,4,candidate,1,1,,,22851541.0,4.0,1443.0,44.0,4.0,0.0,4.0,16205496.0,347229.0
vue,ten-warm,4,candidate,1,2,,,22540667.0,4.0,1443.0,44.0,4.0,0.0,4.0,16278152.0,347206.0
vue,ten-warm,4,candidate,1,3,,,23045875.0,4.0,1443.0,44.0,4.0,0.0,4.0,16339560.0,346905.0
vue,ten-warm,4,candidate,1,4,,,23083333.0,4.0,1443.0,44.0,4.0,0.0,4.0,16416728.0,346996.0
vue,ten-warm,4,candidate,2,0,,,23593250.0,4.0,1443.0,44.0,4.0,0.0,4.0,16339768.0,346922.0
vue,ten-warm,4,candidate,2,1,,,23785583.0,4.0,1443.0,44.0,4.0,0.0,4.0,16345384.0,347049.0
vue,ten-warm,4,candidate,2,2,,,23265917.0,4.0,1443.0,44.0,4.0,0.0,4.0,16345024.0,347031.0
vue,ten-warm,4,candidate,2,3,,,26569291.0,4.0,1443.0,44.0,4.0,0.0,4.0,16376664.0,346899.0
vue,ten-warm,4,candidate,2,4,,,23250875.0,4.0,1443.0,44.0,4.0,0.0,4.0,16492768.0,347072.0
vue,ten-warm,4,baseline,3,0,,,107415166.0,4.0,1443.0,44.0,4.0,0.0,4.0,51215400.0,1073918.0
vue,ten-warm,4,baseline,3,1,,,105156209.0,4.0,1443.0,44.0,4.0,0.0,4.0,51161752.0,1074357.0
vue,ten-warm,4,baseline,3,2,,,143995750.0,4.0,1443.0,44.0,4.0,0.0,4.0,52197128.0,1069070.0
vue,ten-warm,4,baseline,3,3,,,39531167.0,4.0,1443.0,44.0,4.0,0.0,4.0,31418256.0,553499.0
vue,ten-warm,4,baseline,3,4,,,105702333.0,4.0,1443.0,44.0,4.0,0.0,4.0,50587400.0,1070459.0
synthetic,full-lint,1,baseline,0,0,1790155729.061,0.223,212048626.0,4.0,0.0,64.0,1.0,0.0,1.0,117998488.0,498240.0
synthetic,full-lint,1,baseline,0,1,1790155729.286,0.22,211059918.0,4.0,0.0,64.0,1.0,0.0,1.0,117941816.0,498223.0
synthetic,full-lint,1,baseline,0,2,1790155729.509,0.224,214330832.0,4.0,0.0,64.0,1.0,0.0,1.0,117827056.0,498200.0
synthetic,full-lint,1,baseline,0,3,1790155729.735,0.238,227852875.0,4.0,0.0,64.0,1.0,0.0,1.0,117916520.0,498236.0
synthetic,full-lint,1,baseline,0,4,1790155729.976,0.232,221917125.0,4.0,0.0,64.0,1.0,0.0,1.0,117859848.0,498219.0
synthetic,full-lint,1,candidate,1,0,1790155730.211,0.22,210085000.0,4.0,0.0,64.0,1.0,0.0,1.0,118091104.0,498940.0
synthetic,full-lint,1,candidate,1,1,1790155730.433,0.231,220649791.0,4.0,0.0,64.0,1.0,0.0,1.0,118004312.0,498920.0
synthetic,full-lint,1,candidate,1,2,1790155730.666,0.227,216385042.0,4.0,0.0,64.0,1.0,0.0,1.0,117952968.0,498937.0
synthetic,full-lint,1,candidate,1,3,1790155730.896,0.284,273549417.0,4.0,0.0,64.0,1.0,0.0,1.0,117846224.0,498934.0
synthetic,full-lint,1,candidate,1,4,1790155731.182,0.21,200910833.0,4.0,0.0,64.0,1.0,0.0,1.0,118091056.0,498939.0
synthetic,full-lint,1,candidate,2,0,1790155731.394,0.212,202515250.0,4.0,0.0,64.0,1.0,0.0,1.0,117869704.0,498925.0
synthetic,full-lint,1,candidate,2,1,1790155731.609,0.223,213132833.0,4.0,0.0,64.0,1.0,0.0,1.0,117846544.0,498936.0
synthetic,full-lint,1,candidate,2,2,1790155731.835,0.239,227567251.0,4.0,0.0,64.0,1.0,0.0,1.0,117844464.0,498923.0
synthetic,full-lint,1,candidate,2,3,1790155732.076,0.224,213782750.0,4.0,0.0,64.0,1.0,0.0,1.0,117872016.0,498924.0
synthetic,full-lint,1,candidate,2,4,1790155732.303,0.285,273819792.0,4.0,0.0,64.0,1.0,0.0,1.0,117874720.0,498941.0
synthetic,full-lint,1,baseline,3,0,1790155732.596,0.244,230874750.0,4.0,0.0,64.0,1.0,0.0,1.0,117859992.0,498220.0
synthetic,full-lint,1,baseline,3,1,1790155732.843,0.2,190558792.0,4.0,0.0,64.0,1.0,0.0,1.0,117942592.0,498229.0
synthetic,full-lint,1,baseline,3,2,1790155733.045,0.235,224447749.0,4.0,0.0,64.0,1.0,0.0,1.0,117774704.0,498210.0
synthetic,full-lint,1,baseline,3,3,1790155733.283,0.226,215334292.0,4.0,0.0,64.0,1.0,0.0,1.0,117830096.0,498219.0
synthetic,full-lint,1,baseline,3,4,1790155733.511,0.227,215962251.0,4.0,0.0,64.0,1.0,0.0,1.0,117916040.0,498233.0
synthetic,full-check,1,baseline,0,0,1790155733.74,0.318,307125166.0,4.0,0.0,64.0,1.0,0.0,1.0,160236456.0,783236.0
synthetic,full-check,1,baseline,0,1,1790155734.06,0.313,302954166.0,4.0,0.0,64.0,1.0,0.0,1.0,160235472.0,783270.0
synthetic,full-check,1,baseline,0,2,1790155734.376,0.356,344176959.0,4.0,0.0,64.0,1.0,0.0,1.0,160420104.0,783291.0
synthetic,full-check,1,baseline,0,3,1790155734.734,0.319,306529375.0,4.0,0.0,64.0,1.0,0.0,1.0,160091592.0,783231.0
synthetic,full-check,1,baseline,0,4,1790155735.056,0.318,307029917.0,4.0,0.0,64.0,1.0,0.0,1.0,160342456.0,783273.0
synthetic,full-check,1,candidate,1,0,1790155735.376,0.284,274533000.0,4.0,0.0,64.0,1.0,0.0,1.0,124633056.0,514515.0
synthetic,full-check,1,candidate,1,1,1790155735.663,0.248,238746876.0,4.0,0.0,64.0,1.0,0.0,1.0,124666280.0,514536.0
synthetic,full-check,1,candidate,1,2,1790155735.913,0.258,247702083.0,4.0,0.0,64.0,1.0,0.0,1.0,124667416.0,514543.0
synthetic,full-check,1,candidate,1,3,1790155736.174,0.26,250755959.0,4.0,0.0,64.0,1.0,0.0,1.0,124592424.0,514528.0
synthetic,full-check,1,candidate,1,4,1790155736.436,0.259,249046667.0,4.0,0.0,64.0,1.0,0.0,1.0,124606944.0,514517.0
synthetic,full-check,1,candidate,2,0,1790155736.698,0.247,236852208.0,4.0,0.0,64.0,1.0,0.0,1.0,124534672.0,514519.0
synthetic,full-check,1,candidate,2,1,1790155736.948,0.267,255780249.0,4.0,0.0,64.0,1.0,0.0,1.0,124411128.0,514522.0
synthetic,full-check,1,candidate,2,2,1790155737.219,0.315,291508791.0,4.0,0.0,64.0,1.0,0.0,1.0,124553896.0,514513.0
synthetic,full-check,1,candidate,2,3,1790155737.537,0.258,248454208.0,4.0,0.0,64.0,1.0,0.0,1.0,124455752.0,514520.0
synthetic,full-check,1,candidate,2,4,1790155737.798,0.255,243698249.0,4.0,0.0,64.0,1.0,0.0,1.0,124462880.0,514523.0
synthetic,full-check,1,baseline,3,0,1790155738.055,0.339,328851709.0,4.0,0.0,64.0,1.0,0.0,1.0,160290064.0,783268.0
synthetic,full-check,1,baseline,3,1,1790155738.397,0.316,305269459.0,4.0,0.0,64.0,1.0,0.0,1.0,160135680.0,783265.0
synthetic,full-check,1,baseline,3,2,1790155738.716,0.31,299314501.0,4.0,0.0,64.0,1.0,0.0,1.0,160170688.0,783257.0
synthetic,full-check,1,baseline,3,3,1790155739.029,0.305,294683292.0,4.0,0.0,64.0,1.0,0.0,1.0,160211144.0,783243.0
synthetic,full-check,1,baseline,3,4,1790155739.336,0.319,309118708.0,4.0,0.0,64.0,1.0,0.0,1.0,160164840.0,783242.0
synthetic,one-cold,1,baseline,0,0,1790155739.659,0.105,96516209.0,4.0,0.0,1.0,1.0,0.0,1.0,66170352.0,115760.0
synthetic,one-cold,1,baseline,0,1,1790155739.767,0.102,93201167.0,4.0,0.0,1.0,1.0,0.0,1.0,66033616.0,115751.0
synthetic,one-cold,1,baseline,0,2,1790155739.872,0.104,94936333.0,4.0,0.0,1.0,1.0,0.0,1.0,66168912.0,115751.0
synthetic,one-cold,1,baseline,0,3,1790155739.979,0.111,99006250.0,4.0,0.0,1.0,1.0,0.0,1.0,66283024.0,115771.0
synthetic,one-cold,1,baseline,0,4,1790155740.092,0.106,96764707.0,4.0,0.0,1.0,1.0,0.0,1.0,66196784.0,115754.0
synthetic,one-cold,1,candidate,1,0,1790155740.201,0.163,148293875.0,4.0,0.0,1.0,1.0,0.0,1.0,66253944.0,115760.0
synthetic,one-cold,1,candidate,1,1,1790155740.366,0.103,93236583.0,4.0,0.0,1.0,1.0,0.0,1.0,66250304.0,115752.0
synthetic,one-cold,1,candidate,1,2,1790155740.472,0.107,98148334.0,4.0,0.0,1.0,1.0,0.0,1.0,66338968.0,115783.0
synthetic,one-cold,1,candidate,1,3,1790155740.582,0.105,94093208.0,4.0,0.0,1.0,1.0,0.0,1.0,66336088.0,115765.0
synthetic,one-cold,1,candidate,1,4,1790155740.69,0.106,96931541.0,4.0,0.0,1.0,1.0,0.0,1.0,66113936.0,115746.0
synthetic,one-cold,1,candidate,2,0,1790155740.798,0.104,94830792.0,4.0,0.0,1.0,1.0,0.0,1.0,66172760.0,115761.0
synthetic,one-cold,1,candidate,2,1,1790155740.905,0.1,90913167.0,4.0,0.0,1.0,1.0,0.0,1.0,66200792.0,115765.0
synthetic,one-cold,1,candidate,2,2,1790155741.007,0.108,98654501.0,4.0,0.0,1.0,1.0,0.0,1.0,66199672.0,115758.0
synthetic,one-cold,1,candidate,2,3,1790155741.118,0.106,96693083.0,4.0,0.0,1.0,1.0,0.0,1.0,66258152.0,115787.0
synthetic,one-cold,1,candidate,2,4,1790155741.227,0.103,93961416.0,4.0,0.0,1.0,1.0,0.0,1.0,66116288.0,115760.0
synthetic,one-cold,1,baseline,3,0,1790155741.333,0.102,93112542.0,4.0,0.0,1.0,1.0,0.0,1.0,66256296.0,115774.0
synthetic,one-cold,1,baseline,3,1,1790155741.438,0.104,95728458.0,4.0,0.0,1.0,1.0,0.0,1.0,66250896.0,115755.0
synthetic,one-cold,1,baseline,3,2,1790155741.545,0.106,96518375.0,4.0,0.0,1.0,1.0,0.0,1.0,66114480.0,115748.0
synthetic,one-cold,1,baseline,3,3,1790155741.654,0.105,95725250.0,4.0,0.0,1.0,1.0,0.0,1.0,66194224.0,115738.0
synthetic,one-cold,1,baseline,3,4,1790155741.762,0.107,97680209.0,4.0,0.0,1.0,1.0,0.0,1.0,66250736.0,115754.0
synthetic,ten-cold,1,baseline,0,0,1790155741.872,0.137,120090125.0,4.0,0.0,7.0,1.0,0.0,1.0,70933328.0,152186.0
synthetic,ten-cold,1,baseline,0,1,1790155742.012,0.115,104559249.0,4.0,0.0,7.0,1.0,0.0,1.0,71094936.0,152194.0
synthetic,ten-cold,1,baseline,0,2,1790155742.129,0.108,98246499.0,4.0,0.0,7.0,1.0,0.0,1.0,70994168.0,152183.0
synthetic,ten-cold,1,baseline,0,3,1790155742.239,0.113,103555334.0,4.0,0.0,7.0,1.0,0.0,1.0,71052720.0,152197.0
synthetic,ten-cold,1,baseline,0,4,1790155742.355,0.133,122929959.0,4.0,0.0,7.0,1.0,0.0,1.0,70954328.0,152202.0
synthetic,ten-cold,1,candidate,1,0,1790155742.491,0.116,105477333.0,4.0,0.0,7.0,1.0,0.0,1.0,71160560.0,152799.0
synthetic,ten-cold,1,candidate,1,1,1790155742.61,0.116,105272917.0,4.0,0.0,7.0,1.0,0.0,1.0,71297136.0,152807.0
synthetic,ten-cold,1,candidate,1,2,1790155742.728,0.132,122340250.0,4.0,0.0,7.0,1.0,0.0,1.0,71162776.0,152814.0
synthetic,ten-cold,1,candidate,1,3,1790155742.863,0.11,101662666.0,4.0,0.0,7.0,1.0,0.0,1.0,71211560.0,152796.0
synthetic,ten-cold,1,candidate,1,4,1790155742.976,0.116,105993625.0,4.0,0.0,7.0,1.0,0.0,1.0,71133584.0,152805.0
synthetic,ten-cold,1,candidate,2,0,1790155743.094,0.11,101033292.0,4.0,0.0,7.0,1.0,0.0,1.0,71137488.0,152826.0
synthetic,ten-cold,1,candidate,2,1,1790155743.207,0.109,99656876.0,4.0,0.0,7.0,1.0,0.0,1.0,71214392.0,152813.0
synthetic,ten-cold,1,candidate,2,2,1790155743.319,0.118,108306833.0,4.0,0.0,7.0,1.0,0.0,1.0,71130328.0,152796.0
synthetic,ten-cold,1,candidate,2,3,1790155743.44,0.113,102942042.0,4.0,0.0,7.0,1.0,0.0,1.0,71297936.0,152812.0
synthetic,ten-cold,1,candidate,2,4,1790155743.555,0.11,100658834.0,4.0,0.0,7.0,1.0,0.0,1.0,71211192.0,152793.0
synthetic,ten-cold,1,baseline,3,0,1790155743.669,0.111,101304917.0,4.0,0.0,7.0,1.0,0.0,1.0,71167992.0,152197.0
synthetic,ten-cold,1,baseline,3,1,1790155743.782,0.127,109824416.0,4.0,0.0,7.0,1.0,0.0,1.0,70888568.0,152189.0
synthetic,ten-cold,1,baseline,3,2,1790155743.912,0.111,101291833.0,4.0,0.0,7.0,1.0,0.0,1.0,71135664.0,152207.0
synthetic,ten-cold,1,baseline,3,3,1790155744.025,0.109,99816417.0,4.0,0.0,7.0,1.0,0.0,1.0,71035216.0,152198.0
synthetic,ten-cold,1,baseline,3,4,1790155744.137,0.167,157228376.0,4.0,0.0,7.0,1.0,0.0,1.0,71004344.0,152192.0
synthetic,one-warm,1,baseline,0,0,1790155744.311,0.231,1255791.0,4.0,0.0,1.0,1.0,0.0,1.0,820512.0,6119.0
synthetic,one-warm,1,baseline,0,1,1790155744.545,0.217,1246541.0,4.0,0.0,1.0,1.0,0.0,1.0,783584.0,6115.0
synthetic,one-warm,1,baseline,0,2,1790155744.764,0.247,1562750.0,4.0,0.0,1.0,1.0,0.0,1.0,857440.0,6123.0
synthetic,one-warm,1,baseline,0,3,1790155745.015,0.219,2036375.0,4.0,0.0,1.0,1.0,0.0,1.0,783584.0,6115.0
synthetic,one-warm,1,baseline,0,4,1790155745.236,0.221,1335333.0,4.0,0.0,1.0,1.0,0.0,1.0,857440.0,6123.0
synthetic,one-warm,1,candidate,1,0,1790155745.461,0.238,234834.0,4.0,0.0,1.0,1.0,0.0,1.0,77680.0,523.0
synthetic,one-warm,1,candidate,1,1,1790155745.701,0.242,182167.0,4.0,0.0,1.0,1.0,0.0,1.0,77680.0,523.0
synthetic,one-warm,1,candidate,1,2,1790155745.946,0.24,185667.0,4.0,0.0,1.0,1.0,0.0,1.0,77680.0,523.0
synthetic,one-warm,1,candidate,1,3,1790155746.189,0.241,200125.0,4.0,0.0,1.0,1.0,0.0,1.0,77680.0,523.0
synthetic,one-warm,1,candidate,1,4,1790155746.433,0.244,193667.0,4.0,0.0,1.0,1.0,0.0,1.0,77680.0,523.0
synthetic,one-warm,1,candidate,2,0,1790155746.68,0.224,255124.0,4.0,0.0,1.0,1.0,0.0,1.0,77680.0,523.0
synthetic,one-warm,1,candidate,2,1,1790155746.907,0.231,203041.0,4.0,0.0,1.0,1.0,0.0,1.0,77680.0,523.0
synthetic,one-warm,1,candidate,2,2,1790155747.14,0.232,203875.0,4.0,0.0,1.0,1.0,0.0,1.0,77680.0,523.0
synthetic,one-warm,1,candidate,2,3,1790155747.375,0.243,189959.0,4.0,0.0,1.0,1.0,0.0,1.0,77680.0,523.0
synthetic,one-warm,1,candidate,2,4,1790155747.621,0.258,233083.0,4.0,0.0,1.0,1.0,0.0,1.0,77680.0,523.0
synthetic,one-warm,1,baseline,3,0,1790155747.881,0.32,1362292.0,4.0,0.0,1.0,1.0,0.0,1.0,820512.0,6119.0
synthetic,one-warm,1,baseline,3,1,1790155748.206,0.379,1339583.0,4.0,0.0,1.0,1.0,0.0,1.0,857440.0,6123.0
synthetic,one-warm,1,baseline,3,2,1790155748.587,0.252,1452042.0,4.0,0.0,1.0,1.0,0.0,1.0,857440.0,6123.0
synthetic,one-warm,1,baseline,3,3,1790155748.844,0.263,1793542.0,4.0,0.0,1.0,1.0,0.0,1.0,783584.0,6115.0
synthetic,one-warm,1,baseline,3,4,1790155749.109,0.241,1689792.0,4.0,0.0,1.0,1.0,0.0,1.0,820512.0,6119.0
synthetic,ten-warm,1,baseline,0,0,1790155749.353,0.247,8044042.0,4.0,0.0,7.0,1.0,0.0,1.0,4358216.0,36873.0
synthetic,ten-warm,1,baseline,0,1,1790155749.603,0.229,7020458.0,4.0,0.0,7.0,1.0,0.0,1.0,4192712.0,36856.0
synthetic,ten-warm,1,baseline,0,2,1790155749.835,0.247,7898083.0,4.0,0.0,7.0,1.0,0.0,1.0,4395144.0,36877.0
synthetic,ten-warm,1,baseline,0,3,1790155750.085,0.242,6836709.0,4.0,0.0,7.0,1.0,0.0,1.0,4432072.0,36881.0
synthetic,ten-warm,1,baseline,0,4,1790155750.33,0.248,7201166.0,4.0,0.0,7.0,1.0,0.0,1.0,4358216.0,36873.0
synthetic,ten-warm,1,candidate,1,0,1790155750.582,0.226,1317250.0,4.0,0.0,7.0,1.0,0.0,1.0,527096.0,3355.0
synthetic,ten-warm,1,candidate,1,1,1790155750.811,0.246,1152833.0,4.0,0.0,7.0,1.0,0.0,1.0,527096.0,3355.0
synthetic,ten-warm,1,candidate,1,2,1790155751.059,0.234,1289750.0,4.0,0.0,7.0,1.0,0.0,1.0,527096.0,3355.0
synthetic,ten-warm,1,candidate,1,3,1790155751.296,0.248,1141708.0,4.0,0.0,7.0,1.0,0.0,1.0,527096.0,3355.0
synthetic,ten-warm,1,candidate,1,4,1790155751.547,0.263,1189208.0,4.0,0.0,7.0,1.0,0.0,1.0,527096.0,3355.0
synthetic,ten-warm,1,candidate,2,0,1790155751.813,0.22,1433125.0,4.0,0.0,7.0,1.0,0.0,1.0,527096.0,3355.0
synthetic,ten-warm,1,candidate,2,1,1790155752.036,0.237,1461458.0,4.0,0.0,7.0,1.0,0.0,1.0,527096.0,3355.0
synthetic,ten-warm,1,candidate,2,2,1790155752.275,0.251,1220625.0,4.0,0.0,7.0,1.0,0.0,1.0,527096.0,3355.0
synthetic,ten-warm,1,candidate,2,3,1790155752.529,0.247,1201834.0,4.0,0.0,7.0,1.0,0.0,1.0,527096.0,3355.0
synthetic,ten-warm,1,candidate,2,4,1790155752.78,0.253,1308542.0,4.0,0.0,7.0,1.0,0.0,1.0,527096.0,3355.0
synthetic,ten-warm,1,baseline,3,0,1790155753.036,0.256,7730916.0,4.0,0.0,7.0,1.0,0.0,1.0,4412808.0,36877.0
synthetic,ten-warm,1,baseline,3,1,1790155753.296,0.239,7176667.0,4.0,0.0,7.0,1.0,0.0,1.0,4303496.0,36868.0
synthetic,ten-warm,1,baseline,3,2,1790155753.538,0.226,7608416.0,4.0,0.0,7.0,1.0,0.0,1.0,4358216.0,36873.0
synthetic,ten-warm,1,baseline,3,3,1790155753.768,0.254,7084833.0,4.0,0.0,7.0,1.0,0.0,1.0,4358216.0,36873.0
synthetic,ten-warm,1,baseline,3,4,1790155754.024,0.256,8020624.0,4.0,0.0,7.0,1.0,0.0,1.0,4358216.0,36873.0
vscode,full-lint,1,baseline,0,0,1790155754.284,19.874,19810858459.0,4.0,144846.0,4366.0,1.0,0.0,1.0,4378829752.0,33604766.0
vscode,full-lint,1,baseline,0,1,1790155774.161,20.669,20611346083.0,4.0,144846.0,4366.0,1.0,0.0,1.0,4377704728.0,33601332.0
vscode,full-lint,1,baseline,0,2,1790155794.833,19.024,18967069375.0,4.0,144846.0,4366.0,1.0,0.0,1.0,4377736048.0,33603856.0
vscode,full-lint,1,baseline,0,3,1790155813.86,20.491,20431307667.0,4.0,144846.0,4366.0,1.0,0.0,1.0,4379011768.0,33602233.0
vscode,full-lint,1,baseline,0,4,1790155834.353,18.564,18505745416.0,4.0,144846.0,4366.0,1.0,0.0,1.0,4380025936.0,33605631.0
vscode,full-lint,1,candidate,1,0,1790155852.921,22.11,22041703625.0,4.0,144846.0,4366.0,1.0,0.0,1.0,5117985440.0,36571558.0
vscode,full-lint,1,candidate,1,1,1790155875.033,20.886,20821617459.0,4.0,144846.0,4366.0,1.0,0.0,1.0,5118836024.0,36574053.0
vscode,full-lint,1,candidate,1,2,1790155895.922,21.115,21052917750.0,4.0,144846.0,4366.0,1.0,0.0,1.0,5120955864.0,36574873.0
vscode,full-lint,1,candidate,1,3,1790155917.04,20.044,19980580959.0,4.0,144846.0,4366.0,1.0,0.0,1.0,5119578736.0,36574008.0
vscode,full-lint,1,candidate,1,4,1790155937.087,21.357,21289890542.0,4.0,144846.0,4366.0,1.0,0.0,1.0,5120888784.0,36573933.0
vscode,full-lint,1,candidate,2,0,1790155958.447,21.056,20974688792.0,4.0,144846.0,4366.0,1.0,0.0,1.0,5120866816.0,36573793.0
vscode,full-lint,1,candidate,2,1,1790155979.507,22.58,22505561292.0,4.0,144846.0,4366.0,1.0,0.0,1.0,5120501336.0,36572460.0
vscode,full-lint,1,candidate,2,2,1790156002.09,23.601,23531791208.0,4.0,144846.0,4366.0,1.0,0.0,1.0,5119169968.0,36572296.0
vscode,full-lint,1,candidate,2,3,1790156025.694,23.186,23097538833.0,4.0,144846.0,4366.0,1.0,0.0,1.0,5120677992.0,36574908.0
vscode,full-lint,1,candidate,2,4,1790156048.93,23.506,23413438751.0,4.0,144846.0,4366.0,1.0,0.0,1.0,5119743832.0,36573282.0
vscode,full-lint,1,baseline,3,0,1790156072.439,19.51,19449676042.0,4.0,144846.0,4366.0,1.0,0.0,1.0,4378008320.0,33603729.0
vscode,full-lint,1,baseline,3,1,1790156091.952,21.267,21204609875.0,4.0,144846.0,4366.0,1.0,0.0,1.0,4378464976.0,33602855.0
vscode,full-lint,1,baseline,3,2,1790156113.222,20.48,20403226249.0,4.0,144846.0,4366.0,1.0,0.0,1.0,4379033544.0,33602508.0
vscode,full-lint,1,baseline,3,3,1790156133.705,20.09,20027796417.0,4.0,144846.0,4366.0,1.0,0.0,1.0,4380694080.0,33604935.0
vscode,full-lint,1,baseline,3,4,1790156153.799,20.746,20681595001.0,4.0,144846.0,4366.0,1.0,0.0,1.0,4379946960.0,33604624.0
synthetic,full-lint,0,baseline,0,0,1790157936.138,0.069,58996834.0,4.0,0.0,64.0,12.0,0.0,12.0,118214328.0,499771.0
synthetic,full-lint,0,baseline,0,1,1790157936.211,0.068,58420292.0,4.0,0.0,64.0,12.0,0.0,12.0,118223112.0,499739.0
synthetic,full-lint,0,baseline,0,2,1790157936.282,0.069,58010666.0,4.0,0.0,64.0,12.0,0.0,12.0,118216352.0,499853.0
synthetic,full-lint,0,baseline,0,3,1790157936.354,0.07,59872416.0,4.0,0.0,64.0,12.0,0.0,12.0,118324672.0,499835.0
synthetic,full-lint,0,baseline,0,4,1790157936.426,0.069,59461000.0,4.0,0.0,64.0,12.0,0.0,12.0,118397808.0,499803.0
synthetic,full-lint,0,candidate,1,0,1790157936.499,0.07,60005542.0,4.0,0.0,64.0,12.0,0.0,12.0,118148632.0,499830.0
synthetic,full-lint,0,candidate,1,1,1790157936.572,0.068,57841001.0,4.0,0.0,64.0,12.0,0.0,12.0,118276200.0,499848.0
synthetic,full-lint,0,candidate,1,2,1790157936.643,0.069,58717834.0,4.0,0.0,64.0,12.0,0.0,12.0,118342632.0,499865.0
synthetic,full-lint,0,candidate,1,3,1790157936.716,0.068,57898625.0,4.0,0.0,64.0,12.0,0.0,12.0,118268248.0,499747.0
synthetic,full-lint,0,candidate,1,4,1790157936.787,0.091,80351375.0,4.0,0.0,64.0,12.0,0.0,12.0,118183696.0,499856.0
synthetic,full-lint,0,candidate,2,0,1790157936.881,0.067,56787583.0,4.0,0.0,64.0,12.0,0.0,12.0,118233968.0,499699.0
synthetic,full-lint,0,candidate,2,1,1790157936.951,0.067,57935125.0,4.0,0.0,64.0,12.0,0.0,12.0,118324136.0,500036.0
synthetic,full-lint,0,candidate,2,2,1790157937.021,0.07,59597916.0,4.0,0.0,64.0,12.0,0.0,12.0,118261840.0,499900.0
synthetic,full-lint,0,candidate,2,3,1790157937.094,0.069,59787709.0,4.0,0.0,64.0,12.0,0.0,12.0,118240376.0,499602.0
synthetic,full-lint,0,candidate,2,4,1790157937.167,0.066,55710125.0,4.0,0.0,64.0,12.0,0.0,12.0,118283144.0,499844.0
synthetic,full-lint,0,baseline,3,0,1790157937.235,0.066,54756375.0,4.0,0.0,64.0,12.0,0.0,12.0,118283280.0,499938.0
synthetic,full-lint,0,baseline,3,1,1790157937.304,0.065,54847667.0,4.0,0.0,64.0,12.0,0.0,12.0,118265600.0,499754.0
synthetic,full-lint,0,baseline,3,2,1790157937.372,0.068,58574084.0,4.0,0.0,64.0,12.0,0.0,12.0,118287080.0,499776.0
synthetic,full-lint,0,baseline,3,3,1790157937.443,0.065,55303792.0,4.0,0.0,64.0,12.0,0.0,12.0,118461472.0,499850.0
synthetic,full-lint,0,baseline,3,4,1790157937.511,0.065,54663249.0,4.0,0.0,64.0,12.0,0.0,12.0,118206104.0,499882.0
synthetic,full-check,0,baseline,0,0,1790157937.58,0.1,89830125.0,4.0,0.0,64.0,12.0,0.0,12.0,171298504.0,846061.0
synthetic,full-check,0,baseline,0,1,1790157937.683,0.095,84405833.0,4.0,0.0,64.0,12.0,0.0,12.0,168295592.0,818007.0
synthetic,full-check,0,baseline,0,2,1790157937.781,0.111,101250958.0,4.0,0.0,64.0,12.0,0.0,12.0,169546440.0,829295.0
synthetic,full-check,0,baseline,0,3,1790157937.896,0.119,106247542.0,4.0,0.0,64.0,12.0,0.0,12.0,165892680.0,806828.0
synthetic,full-check,0,baseline,0,4,1790157938.018,0.189,165461792.0,4.0,0.0,64.0,12.0,0.0,12.0,170048888.0,840053.0
synthetic,full-check,0,candidate,1,0,1790157938.21,0.086,76657791.0,4.0,0.0,64.0,12.0,0.0,12.0,124792384.0,515347.0
synthetic,full-check,0,candidate,1,1,1790157938.3,0.076,66268125.0,4.0,0.0,64.0,12.0,0.0,12.0,124904432.0,515555.0
synthetic,full-check,0,candidate,1,2,1790157938.379,0.076,65906792.0,4.0,0.0,64.0,12.0,0.0,12.0,125006000.0,515412.0
synthetic,full-check,0,candidate,1,3,1790157938.458,0.076,65219291.0,4.0,0.0,64.0,12.0,0.0,12.0,124888616.0,515365.0
synthetic,full-check,0,candidate,1,4,1790157938.537,0.073,62828000.0,4.0,0.0,64.0,12.0,0.0,12.0,124864432.0,515457.0
synthetic,full-check,0,candidate,2,0,1790157938.614,0.07,60134375.0,4.0,0.0,64.0,12.0,0.0,12.0,124725384.0,515486.0
synthetic,full-check,0,candidate,2,1,1790157938.687,0.077,66888167.0,4.0,0.0,64.0,12.0,0.0,12.0,124916040.0,515438.0
synthetic,full-check,0,candidate,2,2,1790157938.767,0.186,175299916.0,4.0,0.0,64.0,12.0,0.0,12.0,124717280.0,515476.0
synthetic,full-check,0,candidate,2,3,1790157938.96,0.237,213984167.0,4.0,0.0,64.0,12.0,0.0,12.0,124852368.0,515077.0
synthetic,full-check,0,candidate,2,4,1790157939.204,0.077,61146376.0,4.0,0.0,64.0,12.0,0.0,12.0,124822216.0,515443.0
synthetic,full-check,0,baseline,3,0,1790157939.284,0.095,83565000.0,4.0,0.0,64.0,12.0,0.0,12.0,170130248.0,834826.0
synthetic,full-check,0,baseline,3,1,1790157939.382,0.098,86569084.0,4.0,0.0,64.0,12.0,0.0,12.0,171303736.0,845899.0
synthetic,full-check,0,baseline,3,2,1790157939.483,0.096,84427001.0,4.0,0.0,64.0,12.0,0.0,12.0,170765880.0,840342.0
synthetic,full-check,0,baseline,3,3,1790157939.582,0.096,85220208.0,4.0,0.0,64.0,12.0,0.0,12.0,173540256.0,868349.0
synthetic,full-check,0,baseline,3,4,1790157939.681,0.091,79655750.0,4.0,0.0,64.0,12.0,0.0,12.0,170714720.0,840397.0
synthetic,one-cold,0,baseline,0,0,1790157939.775,0.044,34067541.0,4.0,0.0,1.0,12.0,0.0,12.0,66602504.0,116689.0
synthetic,one-cold,0,baseline,0,1,1790157939.823,0.043,33915249.0,4.0,0.0,1.0,12.0,0.0,12.0,66530712.0,116606.0
synthetic,one-cold,0,baseline,0,2,1790157939.869,0.043,32883666.0,4.0,0.0,1.0,12.0,0.0,12.0,66483896.0,116474.0
synthetic,one-cold,0,baseline,0,3,1790157939.915,0.042,31406208.0,4.0,0.0,1.0,12.0,0.0,12.0,66364256.0,116549.0
synthetic,one-cold,0,baseline,0,4,1790157939.96,0.04,31238750.0,4.0,0.0,1.0,12.0,0.0,12.0,66470360.0,116634.0
synthetic,one-cold,0,candidate,1,0,1790157940.003,0.042,32311917.0,4.0,0.0,1.0,12.0,0.0,12.0,66182704.0,116570.0
synthetic,one-cold,0,candidate,1,1,1790157940.048,0.042,32717666.0,4.0,0.0,1.0,12.0,0.0,12.0,66386240.0,116623.0
synthetic,one-cold,0,candidate,1,2,1790157940.094,0.044,34761626.0,4.0,0.0,1.0,12.0,0.0,12.0,66504344.0,116597.0
synthetic,one-cold,0,candidate,1,3,1790157940.141,0.043,34170876.0,4.0,0.0,1.0,12.0,0.0,12.0,66547848.0,116666.0
synthetic,one-cold,0,candidate,1,4,1790157940.187,0.04,31146625.0,4.0,0.0,1.0,12.0,0.0,12.0,66499352.0,116546.0
synthetic,one-cold,0,candidate,2,0,1790157940.231,0.042,32708250.0,4.0,0.0,1.0,12.0,0.0,12.0,66658112.0,116826.0
synthetic,one-cold,0,candidate,2,1,1790157940.276,0.042,32814624.0,4.0,0.0,1.0,12.0,0.0,12.0,66455424.0,116642.0
synthetic,one-cold,0,candidate,2,2,1790157940.321,0.042,32453208.0,4.0,0.0,1.0,12.0,0.0,12.0,66348320.0,116741.0
synthetic,one-cold,0,candidate,2,3,1790157940.366,0.043,33191250.0,4.0,0.0,1.0,12.0,0.0,12.0,66612648.0,116713.0
synthetic,one-cold,0,candidate,2,4,1790157940.412,0.044,34550459.0,4.0,0.0,1.0,12.0,0.0,12.0,66555152.0,116664.0
synthetic,one-cold,0,baseline,3,0,1790157940.46,0.041,31777958.0,4.0,0.0,1.0,12.0,0.0,12.0,66539752.0,116608.0
synthetic,one-cold,0,baseline,3,1,1790157940.504,0.04,31586250.0,4.0,0.0,1.0,12.0,0.0,12.0,66488736.0,116442.0
synthetic,one-cold,0,baseline,3,2,1790157940.547,0.038,29068667.0,4.0,0.0,1.0,12.0,0.0,12.0,66364200.0,116560.0
synthetic,one-cold,0,baseline,3,3,1790157940.588,0.04,31201584.0,4.0,0.0,1.0,12.0,0.0,12.0,66567000.0,116565.0
synthetic,one-cold,0,baseline,3,4,1790157940.631,0.042,32698541.0,4.0,0.0,1.0,12.0,0.0,12.0,66386808.0,116675.0
synthetic,ten-cold,0,baseline,0,0,1790157940.677,0.042,33335916.0,4.0,0.0,7.0,12.0,0.0,12.0,71588648.0,153682.0
synthetic,ten-cold,0,baseline,0,1,1790157940.723,0.041,32628417.0,4.0,0.0,7.0,12.0,0.0,12.0,71671256.0,153625.0
synthetic,ten-cold,0,baseline,0,2,1790157940.767,0.044,34484834.0,4.0,0.0,7.0,12.0,0.0,12.0,71488256.0,153691.0
synthetic,ten-cold,0,baseline,0,3,1790157940.814,0.043,33187959.0,4.0,0.0,7.0,12.0,0.0,12.0,71615136.0,153869.0
synthetic,ten-cold,0,baseline,0,4,1790157940.86,0.045,35277625.0,4.0,0.0,7.0,12.0,0.0,12.0,71617232.0,153610.0
synthetic,ten-cold,0,candidate,1,0,1790157940.909,0.046,35702375.0,4.0,0.0,7.0,12.0,0.0,12.0,71510488.0,153751.0
synthetic,ten-cold,0,candidate,1,1,1790157940.958,0.044,34237750.0,4.0,0.0,7.0,12.0,0.0,12.0,71262048.0,153718.0
synthetic,ten-cold,0,candidate,1,2,1790157941.005,0.044,35046041.0,4.0,0.0,7.0,12.0,0.0,12.0,71357584.0,153691.0
synthetic,ten-cold,0,candidate,1,3,1790157941.052,0.044,34676833.0,4.0,0.0,7.0,12.0,0.0,12.0,71408888.0,153669.0
synthetic,ten-cold,0,candidate,1,4,1790157941.099,0.044,35549625.0,4.0,0.0,7.0,12.0,0.0,12.0,71407320.0,153624.0
synthetic,ten-cold,0,candidate,2,0,1790157941.146,0.042,33802459.0,4.0,0.0,7.0,12.0,0.0,12.0,71428816.0,153662.0
synthetic,ten-cold,0,candidate,2,1,1790157941.192,0.045,35494875.0,4.0,0.0,7.0,12.0,0.0,12.0,71419400.0,153780.0
synthetic,ten-cold,0,candidate,2,2,1790157941.24,0.043,33966584.0,4.0,0.0,7.0,12.0,0.0,12.0,71495576.0,153714.0
synthetic,ten-cold,0,candidate,2,3,1790157941.286,0.044,34331543.0,4.0,0.0,7.0,12.0,0.0,12.0,71335712.0,153625.0
synthetic,ten-cold,0,candidate,2,4,1790157941.334,0.048,38247167.0,4.0,0.0,7.0,12.0,0.0,12.0,71479904.0,153808.0
synthetic,ten-cold,0,baseline,3,0,1790157941.385,0.046,36243916.0,4.0,0.0,7.0,12.0,0.0,12.0,71574152.0,153630.0
synthetic,ten-cold,0,baseline,3,1,1790157941.435,0.044,34639875.0,4.0,0.0,7.0,12.0,0.0,12.0,71493216.0,153802.0
synthetic,ten-cold,0,baseline,3,2,1790157941.483,0.044,34607458.0,4.0,0.0,7.0,12.0,0.0,12.0,71554768.0,153624.0
synthetic,ten-cold,0,baseline,3,3,1790157941.53,0.043,33798250.0,4.0,0.0,7.0,12.0,0.0,12.0,71595256.0,153769.0
synthetic,ten-cold,0,baseline,3,4,1790157941.576,0.043,33872666.0,4.0,0.0,7.0,12.0,0.0,12.0,71518480.0,153719.0
synthetic,one-warm,0,baseline,0,0,1790157941.623,0.071,1330667.0,4.0,0.0,1.0,12.0,0.0,12.0,799960.0,6281.0
synthetic,one-warm,0,baseline,0,1,1790157941.696,0.075,1308375.0,4.0,0.0,1.0,12.0,0.0,12.0,799960.0,6281.0
synthetic,one-warm,0,baseline,0,2,1790157941.774,0.07,1479625.0,4.0,0.0,1.0,12.0,0.0,12.0,836888.0,6285.0
synthetic,one-warm,0,baseline,0,3,1790157941.847,0.074,1435499.0,4.0,0.0,1.0,12.0,0.0,12.0,763032.0,6277.0
synthetic,one-warm,0,baseline,0,4,1790157941.925,0.074,1505416.0,4.0,0.0,1.0,12.0,0.0,12.0,873816.0,6289.0
synthetic,one-warm,0,candidate,1,0,1790157942.003,0.073,246624.0,4.0,0.0,1.0,12.0,0.0,12.0,94056.0,689.0
synthetic,one-warm,0,candidate,1,1,1790157942.08,0.075,216666.0,4.0,0.0,1.0,12.0,0.0,12.0,94056.0,689.0
synthetic,one-warm,0,candidate,1,2,1790157942.158,0.071,253167.0,4.0,0.0,1.0,12.0,0.0,12.0,95496.0,692.0
synthetic,one-warm,0,candidate,1,3,1790157942.233,0.068,295666.0,4.0,0.0,1.0,12.0,0.0,12.0,94056.0,689.0
synthetic,one-warm,0,candidate,1,4,1790157942.304,0.069,239749.0,4.0,0.0,1.0,12.0,0.0,12.0,94056.0,689.0
synthetic,one-warm,0,candidate,2,0,1790157942.376,0.071,290917.0,4.0,0.0,1.0,12.0,0.0,12.0,94056.0,689.0
synthetic,one-warm,0,candidate,2,1,1790157942.45,0.07,227999.0,4.0,0.0,1.0,12.0,0.0,12.0,94056.0,689.0
synthetic,one-warm,0,candidate,2,2,1790157942.524,0.071,237084.0,4.0,0.0,1.0,12.0,0.0,12.0,94056.0,689.0
synthetic,one-warm,0,candidate,2,3,1790157942.598,0.072,282084.0,4.0,0.0,1.0,12.0,0.0,12.0,94536.0,690.0
synthetic,one-warm,0,candidate,2,4,1790157942.673,0.071,313042.0,4.0,0.0,1.0,12.0,0.0,12.0,94056.0,689.0
synthetic,one-warm,0,baseline,3,0,1790157942.748,0.07,1612208.0,4.0,0.0,1.0,12.0,0.0,12.0,726104.0,6273.0
synthetic,one-warm,0,baseline,3,1,1790157942.822,0.077,1336708.0,4.0,0.0,1.0,12.0,0.0,12.0,837368.0,6286.0
synthetic,one-warm,0,baseline,3,2,1790157942.902,0.079,1279043.0,4.0,0.0,1.0,12.0,0.0,12.0,763032.0,6277.0
synthetic,one-warm,0,baseline,3,3,1790157942.984,0.082,1439708.0,4.0,0.0,1.0,12.0,0.0,12.0,728504.0,6278.0
synthetic,one-warm,0,baseline,3,4,1790157943.069,0.075,1290208.0,4.0,0.0,1.0,12.0,0.0,12.0,836888.0,6285.0
synthetic,ten-warm,0,baseline,0,0,1790157943.148,0.082,2936791.0,4.0,0.0,7.0,12.0,0.0,12.0,3998888.0,31498.0
synthetic,ten-warm,0,baseline,0,1,1790157943.233,0.077,2735583.0,4.0,0.0,7.0,12.0,0.0,12.0,4704296.0,37099.0
synthetic,ten-warm,0,baseline,0,2,1790157943.314,0.078,2377917.0,4.0,0.0,7.0,12.0,0.0,12.0,4072808.0,31507.0
synthetic,ten-warm,0,baseline,0,3,1790157943.399,0.077,2516625.0,4.0,0.0,7.0,12.0,0.0,12.0,4035816.0,31502.0
synthetic,ten-warm,0,baseline,0,4,1790157943.48,0.073,2461083.0,4.0,0.0,7.0,12.0,0.0,12.0,4072744.0,31506.0
synthetic,ten-warm,0,candidate,1,0,1790157943.555,0.071,551125.0,4.0,0.0,7.0,12.0,0.0,12.0,544120.0,3548.0
synthetic,ten-warm,0,candidate,1,1,1790157943.63,0.069,663584.0,4.0,0.0,7.0,12.0,0.0,12.0,544120.0,3548.0
synthetic,ten-warm,0,candidate,1,2,1790157943.703,0.069,682874.0,4.0,0.0,7.0,12.0,0.0,12.0,544120.0,3548.0
synthetic,ten-warm,0,candidate,1,3,1790157943.775,0.07,510250.0,4.0,0.0,7.0,12.0,0.0,12.0,544120.0,3548.0
synthetic,ten-warm,0,candidate,1,4,1790157943.849,0.072,637167.0,4.0,0.0,7.0,12.0,0.0,12.0,547000.0,3554.0
synthetic,ten-warm,0,candidate,2,0,1790157943.924,0.071,562167.0,4.0,0.0,7.0,12.0,0.0,12.0,546040.0,3552.0
synthetic,ten-warm,0,candidate,2,1,1790157943.998,0.07,607959.0,4.0,0.0,7.0,12.0,0.0,12.0,544120.0,3548.0
synthetic,ten-warm,0,candidate,2,2,1790157944.071,0.07,598541.0,4.0,0.0,7.0,12.0,0.0,12.0,544120.0,3548.0
synthetic,ten-warm,0,candidate,2,3,1790157944.144,0.071,615375.0,4.0,0.0,7.0,12.0,0.0,12.0,544120.0,3548.0
synthetic,ten-warm,0,candidate,2,4,1790157944.219,0.071,668166.0,4.0,0.0,7.0,12.0,0.0,12.0,544120.0,3548.0
synthetic,ten-warm,0,baseline,3,0,1790157944.294,0.073,2583209.0,4.0,0.0,7.0,12.0,0.0,12.0,3924968.0,31489.0
synthetic,ten-warm,0,baseline,3,1,1790157944.37,0.074,2846333.0,4.0,0.0,7.0,12.0,0.0,12.0,4039592.0,31509.0
synthetic,ten-warm,0,baseline,3,2,1790157944.447,0.071,2748499.0,4.0,0.0,7.0,12.0,0.0,12.0,3925096.0,31491.0
synthetic,ten-warm,0,baseline,3,3,1790157944.521,0.074,2724333.0,4.0,0.0,7.0,12.0,0.0,12.0,3814184.0,31477.0
synthetic,ten-warm,0,baseline,3,4,1790157944.599,0.069,2835750.0,4.0,0.0,7.0,12.0,0.0,12.0,4667240.0,37093.0
vscode,full-lint,0,baseline,0,0,1790159514.452,5.596,5526973709.0,4.0,144846.0,4366.0,12.0,0.0,12.0,5125094024.0,36620707.0
vscode,full-lint,0,baseline,0,1,1790159520.051,5.199,5132895042.0,4.0,144846.0,4366.0,12.0,0.0,12.0,5120203552.0,36631399.0
vscode,full-lint,0,baseline,0,2,1790159525.253,5.043,4976799833.0,4.0,144846.0,4366.0,12.0,0.0,12.0,5121131720.0,36626589.0
vscode,full-lint,0,baseline,0,3,1790159530.3,4.86,4794848541.0,4.0,144846.0,4366.0,12.0,0.0,12.0,5120296888.0,36619953.0
vscode,full-lint,0,baseline,0,4,1790159535.163,4.958,4891914833.0,4.0,144846.0,4366.0,12.0,0.0,12.0,5114351672.0,36601212.0
vscode,full-lint,0,candidate,1,0,1790159540.124,5.118,5048583375.0,4.0,144846.0,4366.0,12.0,0.0,12.0,5124654848.0,36594767.0
vscode,full-lint,0,candidate,1,1,1790159545.246,5.039,4970506209.0,4.0,144846.0,4366.0,12.0,0.0,12.0,5123590600.0,36584719.0
vscode,full-lint,0,candidate,1,2,1790159550.288,5.201,5135470708.0,4.0,144846.0,4366.0,12.0,0.0,12.0,5122185992.0,36582631.0
vscode,full-lint,0,candidate,1,3,1790159555.493,5.15,5081203125.0,4.0,144846.0,4366.0,12.0,0.0,12.0,5126475616.0,36633278.0
vscode,full-lint,0,candidate,1,4,1790159560.646,5.247,5182065626.0,4.0,144846.0,4366.0,12.0,0.0,12.0,5122638544.0,36590516.0
vscode,full-lint,0,candidate,2,0,1790159565.897,5.173,5108418624.0,4.0,144846.0,4366.0,12.0,0.0,12.0,5123911624.0,36603488.0
vscode,full-lint,0,candidate,2,1,1790159571.073,5.767,5702696249.0,4.0,144846.0,4366.0,12.0,0.0,12.0,5123318576.0,36605686.0
vscode,full-lint,0,candidate,2,2,1790159576.844,5.303,5239438124.0,4.0,144846.0,4366.0,12.0,0.0,12.0,5124656080.0,36607079.0
vscode,full-lint,0,candidate,2,3,1790159582.15,5.409,5347964458.0,4.0,144846.0,4366.0,12.0,0.0,12.0,5124394272.0,36595538.0
vscode,full-lint,0,candidate,2,4,1790159587.563,6.43,6364363750.0,4.0,144846.0,4366.0,12.0,0.0,12.0,5121417064.0,36585518.0
vscode,full-lint,0,baseline,3,0,1790159593.997,5.172,5104924709.0,4.0,144846.0,4366.0,12.0,0.0,12.0,5120500320.0,36650131.0
vscode,full-lint,0,baseline,3,1,1790159599.172,5.078,5015864167.0,4.0,144846.0,4366.0,12.0,0.0,12.0,5111835664.0,36598709.0
vscode,full-lint,0,baseline,3,2,1790159604.253,5.12,5059297709.0,4.0,144846.0,4366.0,12.0,0.0,12.0,5121318888.0,36616466.0
vscode,full-lint,0,baseline,3,3,1790159609.376,5.996,5927586625.0,4.0,144846.0,4366.0,12.0,0.0,12.0,5113380280.0,36603241.0
vscode,full-lint,0,baseline,3,4,1790159615.375,5.738,5667158207.0,4.0,144846.0,4366.0,12.0,0.0,12.0,5118344752.0,36597434.0
vscode,full-check,0,baseline,0,0,1790159621.118,7.633,7547815375.0,4.0,144851.0,4366.0,12.0,363.0,12.0,6331626392.0,44337271.0
vscode,full-check,0,baseline,0,1,1790159628.754,7.886,7799864250.0,4.0,144859.0,4366.0,12.0,363.0,12.0,6424472656.0,44809036.0
vscode,full-check,0,baseline,0,2,1790159636.643,7.48,7400337125.0,4.0,144852.0,4366.0,12.0,363.0,12.0,6360079152.0,44483294.0
vscode,full-check,0,baseline,0,3,1790159644.126,8.137,8051572458.0,4.0,144853.0,4366.0,12.0,363.0,12.0,6372050296.0,44556829.0
vscode,full-check,0,baseline,0,4,1790159652.267,8.031,7947965167.0,4.0,144857.0,4366.0,12.0,363.0,12.0,6423283496.0,44689840.0
vscode,full-check,0,candidate,1,0,1790159660.301,5.96,5844425916.0,4.0,144873.0,4366.0,12.0,363.0,12.0,5342059624.0,37969293.0
vscode,full-check,0,candidate,1,1,1790159666.264,5.685,5618462458.0,4.0,144873.0,4366.0,12.0,363.0,12.0,5341065000.0,37963549.0
vscode,full-check,0,candidate,1,2,1790159671.953,5.642,5571600417.0,4.0,144873.0,4366.0,12.0,363.0,12.0,5339745728.0,37966242.0
vscode,full-check,0,candidate,1,3,1790159677.598,5.633,5566940000.0,4.0,144873.0,4366.0,12.0,363.0,12.0,5342582088.0,37972814.0
vscode,full-check,0,candidate,1,4,1790159683.234,7.09,7020792833.0,4.0,144873.0,4366.0,12.0,363.0,12.0,5340631840.0,37969574.0
vscode,full-check,0,candidate,2,0,1790159690.328,5.597,5533414001.0,4.0,144873.0,4366.0,12.0,363.0,12.0,5342851600.0,37967143.0
vscode,full-check,0,candidate,2,1,1790159695.928,5.755,5693287458.0,4.0,144873.0,4366.0,12.0,363.0,12.0,5346445072.0,38016446.0
vscode,full-check,0,candidate,2,2,1790159701.687,5.667,5600748542.0,4.0,144873.0,4366.0,12.0,363.0,12.0,5342780528.0,37971139.0
vscode,full-check,0,candidate,2,3,1790159707.357,7.045,6975794708.0,4.0,144873.0,4366.0,12.0,363.0,12.0,5341281768.0,37968047.0
vscode,full-check,0,candidate,2,4,1790159714.406,5.748,5680757041.0,4.0,144873.0,4366.0,12.0,363.0,12.0,5344975160.0,37990902.0
vscode,full-check,0,baseline,3,0,1790159720.157,8.074,7989525084.0,4.0,144848.0,4366.0,12.0,363.0,12.0,6422844400.0,44726264.0
vscode,full-check,0,baseline,3,1,1790159728.235,7.537,7454651042.0,4.0,144849.0,4366.0,12.0,363.0,12.0,6371349360.0,44483660.0
vscode,full-check,0,baseline,3,2,1790159735.775,8.611,8531881209.0,4.0,144849.0,4366.0,12.0,363.0,12.0,6395868528.0,44676856.0
vscode,full-check,0,baseline,3,3,1790159744.39,7.016,6938953250.0,4.0,144854.0,4366.0,12.0,363.0,12.0,6376037688.0,44555599.0
vscode,full-check,0,baseline,3,4,1790159751.41,8.192,8113363750.0,4.0,144855.0,4366.0,12.0,363.0,12.0,6389513008.0,44612641.0
vscode,one-cold,0,baseline,0,0,1790159759.606,0.614,589149793.0,4.0,63.0,1.0,12.0,0.0,12.0,1454347912.0,3682419.0
vscode,one-cold,0,baseline,0,1,1790159760.223,0.578,552135583.0,4.0,63.0,1.0,12.0,0.0,12.0,1457848120.0,3702597.0
vscode,one-cold,0,baseline,0,2,1790159760.805,0.89,860982209.0,4.0,63.0,1.0,12.0,0.0,12.0,1458163928.0,3688339.0
vscode,one-cold,0,baseline,0,3,1790159761.699,0.63,602701042.0,4.0,63.0,1.0,12.0,0.0,12.0,1457017720.0,3690327.0
vscode,one-cold,0,baseline,0,4,1790159762.333,0.591,562019582.0,4.0,63.0,1.0,12.0,0.0,12.0,1455436872.0,3680868.0
vscode,one-cold,0,candidate,1,0,1790159762.928,0.766,739874666.0,4.0,63.0,1.0,12.0,0.0,12.0,1455375424.0,3689457.0
vscode,one-cold,0,candidate,1,1,1790159763.698,0.622,595714542.0,4.0,63.0,1.0,12.0,0.0,12.0,1456990808.0,3688336.0
vscode,one-cold,0,candidate,1,2,1790159764.323,0.545,520830708.0,4.0,63.0,1.0,12.0,0.0,12.0,1457818176.0,3705562.0
vscode,one-cold,0,candidate,1,3,1790159764.871,0.521,495692500.0,4.0,63.0,1.0,12.0,0.0,12.0,1456605752.0,3698687.0
vscode,one-cold,0,candidate,1,4,1790159765.396,0.516,489056625.0,4.0,63.0,1.0,12.0,0.0,12.0,1456864736.0,3684864.0
vscode,one-cold,0,candidate,2,0,1790159765.916,0.595,567638791.0,4.0,63.0,1.0,12.0,0.0,12.0,1456689184.0,3711523.0
vscode,one-cold,0,candidate,2,1,1790159766.514,0.606,576981333.0,4.0,63.0,1.0,12.0,0.0,12.0,1458484768.0,3714242.0
vscode,one-cold,0,candidate,2,2,1790159767.124,0.683,654836084.0,4.0,63.0,1.0,12.0,0.0,12.0,1453962640.0,3675092.0
vscode,one-cold,0,candidate,2,3,1790159767.811,0.717,687433917.0,4.0,63.0,1.0,12.0,0.0,12.0,1454237776.0,3673094.0
vscode,one-cold,0,candidate,2,4,1790159768.534,0.667,635204333.0,4.0,63.0,1.0,12.0,0.0,12.0,1455946512.0,3697217.0
vscode,one-cold,0,baseline,3,0,1790159769.205,0.679,647156875.0,4.0,63.0,1.0,12.0,0.0,12.0,1458160872.0,3692791.0
vscode,one-cold,0,baseline,3,1,1790159769.887,0.928,887864500.0,4.0,63.0,1.0,12.0,0.0,12.0,1457751112.0,3701046.0
vscode,one-cold,0,baseline,3,2,1790159770.819,0.982,951166209.0,4.0,63.0,1.0,12.0,0.0,12.0,1455012472.0,3685816.0
vscode,one-cold,0,baseline,3,3,1790159771.805,0.725,691281334.0,4.0,63.0,1.0,12.0,0.0,12.0,1458934376.0,3688843.0
vscode,one-cold,0,baseline,3,4,1790159772.535,0.699,667095791.0,4.0,63.0,1.0,12.0,0.0,12.0,1455499408.0,3679646.0
vscode,ten-cold,0,baseline,0,0,1790159773.238,1.529,1488888708.0,4.0,13429.0,437.0,12.0,0.0,12.0,2048057328.0,8332408.0
vscode,ten-cold,0,baseline,0,1,1790159774.771,1.2,1166479917.0,4.0,13429.0,437.0,12.0,0.0,12.0,2044570328.0,8318141.0
vscode,ten-cold,0,baseline,0,2,1790159775.975,1.179,1146434084.0,4.0,13429.0,437.0,12.0,0.0,12.0,2043484928.0,8312588.0
vscode,ten-cold,0,baseline,0,3,1790159777.159,1.32,1286880041.0,4.0,13429.0,437.0,12.0,0.0,12.0,2041129624.0,8329749.0
vscode,ten-cold,0,baseline,0,4,1790159778.482,1.193,1160574167.0,4.0,13429.0,437.0,12.0,0.0,12.0,2041476872.0,8305306.0
vscode,ten-cold,0,candidate,1,0,1790159779.679,1.365,1331881959.0,4.0,13429.0,437.0,12.0,0.0,12.0,2041813768.0,8348996.0
vscode,ten-cold,0,candidate,1,1,1790159781.048,1.494,1455577625.0,4.0,13429.0,437.0,12.0,0.0,12.0,2042409440.0,8346378.0
vscode,ten-cold,0,candidate,1,2,1790159782.546,2.202,2155886041.0,4.0,13429.0,437.0,12.0,0.0,12.0,2043456128.0,8355126.0
vscode,ten-cold,0,candidate,1,3,1790159784.751,1.706,1655361291.0,4.0,13429.0,437.0,12.0,0.0,12.0,2037216128.0,8298904.0
vscode,ten-cold,0,candidate,1,4,1790159786.463,1.922,1875111125.0,4.0,13429.0,437.0,12.0,0.0,12.0,2040641960.0,8328320.0
vscode,ten-cold,0,candidate,2,0,1790159788.391,1.788,1736200751.0,4.0,13429.0,437.0,12.0,0.0,12.0,2037958808.0,8304619.0
vscode,ten-cold,0,candidate,2,1,1790159790.183,1.774,1726987375.0,4.0,13429.0,437.0,12.0,0.0,12.0,2038494120.0,8312608.0
vscode,ten-cold,0,candidate,2,2,1790159791.962,1.782,1734172958.0,4.0,13429.0,437.0,12.0,0.0,12.0,2040018216.0,8308646.0
vscode,ten-cold,0,candidate,2,3,1790159793.747,1.779,1719469167.0,4.0,13429.0,437.0,12.0,0.0,12.0,2039642528.0,8311235.0
vscode,ten-cold,0,candidate,2,4,1790159795.53,2.057,2012448916.0,4.0,13429.0,437.0,12.0,0.0,12.0,2043530016.0,8330395.0
vscode,ten-cold,0,baseline,3,0,1790159797.591,1.646,1608323792.0,4.0,13429.0,437.0,12.0,0.0,12.0,2032641584.0,8289149.0
vscode,ten-cold,0,baseline,3,1,1790159799.241,2.696,2642892667.0,4.0,13429.0,437.0,12.0,0.0,12.0,2037035016.0,8295689.0
vscode,ten-cold,0,baseline,3,2,1790159801.942,3.509,3422243750.0,4.0,13429.0,437.0,12.0,0.0,12.0,2043583040.0,8370436.0
vscode,ten-cold,0,baseline,3,3,1790159805.456,1.693,1654931626.0,4.0,13429.0,437.0,12.0,0.0,12.0,2042184632.0,8346667.0
vscode,ten-cold,0,baseline,3,4,1790159807.152,1.157,1127367125.0,4.0,13429.0,437.0,12.0,0.0,12.0,2043466696.0,8328937.0
vscode,one-warm,0,baseline,0,0,1790159808.313,3.425,3256542.0,4.0,63.0,1.0,12.0,0.0,12.0,927112.0,9271.0
vscode,one-warm,0,baseline,0,1,1790159811.742,3.925,8024542.0,4.0,63.0,1.0,12.0,0.0,12.0,956352.0,9282.0
vscode,one-warm,0,baseline,0,2,1790159815.671,3.611,4166416.0,4.0,63.0,1.0,12.0,0.0,12.0,961992.0,9272.0
vscode,one-warm,0,baseline,0,3,1790159819.285,3.676,3314834.0,4.0,63.0,1.0,12.0,0.0,12.0,1072680.0,9283.0
vscode,one-warm,0,baseline,0,4,1790159822.965,3.685,4158417.0,4.0,63.0,1.0,12.0,0.0,12.0,924488.0,9264.0
vscode,one-warm,0,candidate,1,0,1790159826.655,3.297,2540208.0,4.0,63.0,1.0,12.0,0.0,12.0,599712.0,7323.0
vscode,one-warm,0,candidate,1,1,1790159829.957,3.513,2871875.0,4.0,63.0,1.0,12.0,0.0,12.0,637120.0,7330.0
vscode,one-warm,0,candidate,1,2,1790159833.473,3.686,2766834.0,4.0,63.0,1.0,12.0,0.0,12.0,599392.0,7321.0
vscode,one-warm,0,candidate,1,3,1790159837.163,3.693,2573624.0,4.0,63.0,1.0,12.0,0.0,12.0,674152.0,7335.0
vscode,one-warm,0,candidate,1,4,1790159840.86,3.4,2712541.0,4.0,63.0,1.0,12.0,0.0,12.0,636640.0,7327.0
vscode,one-warm,0,candidate,2,0,1790159844.263,4.414,2658291.0,4.0,63.0,1.0,12.0,0.0,12.0,637440.0,7332.0
vscode,one-warm,0,candidate,2,1,1790159848.682,3.722,2459334.0,4.0,63.0,1.0,12.0,0.0,12.0,636960.0,7329.0
vscode,one-warm,0,candidate,2,2,1790159852.407,3.273,2538250.0,4.0,63.0,1.0,12.0,0.0,12.0,600032.0,7325.0
vscode,one-warm,0,candidate,2,3,1790159855.684,3.705,2916417.0,4.0,63.0,1.0,12.0,0.0,12.0,636120.0,7324.0
vscode,one-warm,0,candidate,2,4,1790159986.925,3.122,2457417.0,4.0,63.0,1.0,12.0,0.0,12.0,600032.0,7325.0
vscode,one-warm,0,baseline,3,0,1790159990.051,3.002,3079458.0,4.0,63.0,1.0,12.0,0.0,12.0,990856.0,9280.0
vscode,one-warm,0,baseline,3,1,1790159993.057,3.157,3308874.0,4.0,63.0,1.0,12.0,0.0,12.0,806216.0,9260.0
vscode,one-warm,0,baseline,3,2,1790159996.217,2.954,3138917.0,4.0,63.0,1.0,12.0,0.0,12.0,1179656.0,9286.0
vscode,one-warm,0,baseline,3,3,1790159999.175,2.95,3025167.0,4.0,63.0,1.0,12.0,0.0,12.0,925288.0,9269.0
vscode,one-warm,0,baseline,3,4,1790160002.128,3.121,3418292.0,4.0,63.0,1.0,12.0,0.0,12.0,1045448.0,9284.0
vscode,ten-warm,0,baseline,0,0,1790160005.253,3.523,479070375.0,4.0,13429.0,437.0,12.0,0.0,12.0,263850536.0,2933051.0
vscode,ten-warm,0,baseline,0,1,1790160008.78,3.728,336711334.0,4.0,13429.0,437.0,12.0,0.0,12.0,250045424.0,2853203.0
vscode,ten-warm,0,baseline,0,2,1790160012.511,3.428,346057667.0,4.0,13430.0,437.0,12.0,0.0,12.0,252608256.0,2873135.0
vscode,ten-warm,0,baseline,0,3,1790160015.943,3.568,347460417.0,4.0,13431.0,437.0,12.0,0.0,12.0,252356432.0,2895573.0
vscode,ten-warm,0,baseline,0,4,1790160019.515,3.398,356234999.0,4.0,13431.0,437.0,12.0,0.0,12.0,257450984.0,2912816.0
vscode,ten-warm,0,candidate,1,0,1790160022.916,3.48,214658750.0,4.0,13430.0,437.0,12.0,0.0,12.0,133119552.0,2172045.0
vscode,ten-warm,0,candidate,1,1,1790160026.4,3.408,215518501.0,4.0,13430.0,437.0,12.0,0.0,12.0,133933096.0,2172132.0
vscode,ten-warm,0,candidate,1,2,1790160029.811,3.394,219319167.0,4.0,13430.0,437.0,12.0,0.0,12.0,132905384.0,2171904.0
vscode,ten-warm,0,candidate,1,3,1790160033.209,3.277,219445959.0,4.0,13430.0,437.0,12.0,0.0,12.0,133703592.0,2171902.0
vscode,ten-warm,0,candidate,1,4,1790160036.489,3.252,216445583.0,4.0,13430.0,437.0,12.0,0.0,12.0,133877280.0,2171610.0
vscode,ten-warm,0,candidate,2,0,1790160039.745,3.344,211467083.0,4.0,13430.0,437.0,12.0,0.0,12.0,134189784.0,2172009.0
vscode,ten-warm,0,candidate,2,1,1790160043.093,3.249,214207750.0,4.0,13430.0,437.0,12.0,0.0,12.0,133112856.0,2171770.0
vscode,ten-warm,0,candidate,2,2,1790160046.345,3.199,214979833.0,4.0,13430.0,437.0,12.0,0.0,12.0,134276088.0,2171812.0
vscode,ten-warm,0,candidate,2,3,1790160049.547,3.189,217865208.0,4.0,13430.0,437.0,12.0,0.0,12.0,133835936.0,2171973.0
vscode,ten-warm,0,candidate,2,4,1790160052.74,3.252,218802083.0,4.0,13430.0,437.0,12.0,0.0,12.0,133793128.0,2172018.0
vscode,ten-warm,0,baseline,3,0,1790160055.996,3.393,336630791.0,4.0,13431.0,437.0,12.0,0.0,12.0,248978016.0,2870069.0
vscode,ten-warm,0,baseline,3,1,1790160059.392,3.328,349596917.0,4.0,13432.0,437.0,12.0,0.0,12.0,265642056.0,2951330.0
vscode,ten-warm,0,baseline,3,2,1790160062.723,3.326,349523416.0,4.0,13430.0,437.0,12.0,0.0,12.0,266063416.0,2953090.0
vscode,ten-warm,0,baseline,3,3,1790160066.052,3.31,338784626.0,4.0,13430.0,437.0,12.0,0.0,12.0,243626032.0,2837478.0
vscode,ten-warm,0,baseline,3,4,1790160069.366,3.325,352097375.0,4.0,13429.0,437.0,12.0,0.0,12.0,265420416.0,2951313.0
typescript,full-lint,0,baseline,0,0,1790160072.695,2.0,1979673500.0,4.0,53389.0,600.0,12.0,0.0,12.0,1986346616.0,13456404.0
typescript,full-lint,0,baseline,0,1,1790160074.699,1.97,1949303459.0,4.0,53389.0,600.0,12.0,0.0,12.0,1987872408.0,13416825.0
typescript,full-lint,0,baseline,0,2,1790160076.673,1.991,1971157874.0,4.0,53389.0,600.0,12.0,0.0,12.0,1987804424.0,13444428.0
typescript,full-lint,0,baseline,0,3,1790160078.667,1.983,1963140208.0,4.0,53389.0,600.0,12.0,0.0,12.0,1983626744.0,13453835.0
typescript,full-lint,0,baseline,0,4,1790160080.654,2.03,2008396624.0,4.0,53389.0,600.0,12.0,0.0,12.0,1984645488.0,13451484.0
typescript,full-lint,0,candidate,1,0,1790160082.687,2.747,2727901250.0,4.0,53389.0,600.0,12.0,0.0,12.0,1980066904.0,13487102.0
typescript,full-lint,0,candidate,1,1,1790160085.438,2.828,2808114749.0,4.0,53389.0,600.0,12.0,0.0,12.0,1980017320.0,13486025.0
typescript,full-lint,0,candidate,1,2,1790160088.27,3.114,3092592126.0,4.0,53389.0,600.0,12.0,0.0,12.0,1981656416.0,13493809.0
typescript,full-lint,0,candidate,1,3,1790160091.387,3.039,3015029333.0,4.0,53389.0,600.0,12.0,0.0,12.0,1980176376.0,13487141.0
typescript,full-lint,0,candidate,1,4,1790160094.43,3.047,3022413125.0,4.0,53389.0,600.0,12.0,0.0,12.0,1979650408.0,13487013.0
typescript,full-lint,0,candidate,2,0,1790160097.48,2.986,2963726625.0,4.0,53389.0,600.0,12.0,0.0,12.0,1982687968.0,13498708.0
typescript,full-lint,0,candidate,2,1,1790160100.471,2.912,2889878833.0,4.0,53389.0,600.0,12.0,0.0,12.0,1981017904.0,13489881.0
typescript,full-lint,0,candidate,2,2,1790160103.386,2.894,2873233916.0,4.0,53389.0,600.0,12.0,0.0,12.0,1982072032.0,13498679.0
typescript,full-lint,0,candidate,2,3,1790160106.284,2.795,2773594582.0,4.0,53389.0,600.0,12.0,0.0,12.0,1980667392.0,13491981.0
typescript,full-lint,0,candidate,2,4,1790160109.083,2.896,2870405208.0,4.0,53389.0,600.0,12.0,0.0,12.0,1980785536.0,13491411.0
typescript,full-lint,0,baseline,3,0,1790160111.983,2.156,2130727958.0,4.0,53389.0,600.0,12.0,0.0,12.0,1985275520.0,13455867.0
typescript,full-lint,0,baseline,3,1,1790160114.142,2.076,2053721458.0,4.0,53389.0,600.0,12.0,0.0,12.0,1985730160.0,13427055.0
typescript,full-lint,0,baseline,3,2,1790160116.222,2.122,2100288667.0,4.0,53389.0,600.0,12.0,0.0,12.0,1979093312.0,13427637.0
typescript,full-lint,0,baseline,3,3,1790160118.348,2.033,2013402333.0,4.0,53389.0,600.0,12.0,0.0,12.0,1982174096.0,13435311.0
typescript,full-lint,0,baseline,3,4,1790160120.384,2.061,2040053459.0,4.0,53389.0,600.0,12.0,0.0,12.0,1973635408.0,13378131.0
typescript,full-check,0,baseline,0,0,1790160122.45,2.797,2771733459.0,4.0,53389.0,600.0,12.0,178.0,12.0,2309995840.0,15370599.0
typescript,full-check,0,baseline,0,1,1790160125.25,2.777,2752990667.0,4.0,53389.0,600.0,12.0,178.0,12.0,2284069072.0,15250786.0
typescript,full-check,0,baseline,0,2,1790160128.032,2.936,2910625000.0,4.0,53389.0,600.0,12.0,178.0,12.0,2374405912.0,15703124.0
typescript,full-check,0,baseline,0,3,1790160130.971,2.809,2784760417.0,4.0,53389.0,600.0,12.0,178.0,12.0,2366892352.0,15628931.0
typescript,full-check,0,baseline,0,4,1790160133.784,2.906,2879821542.0,4.0,53389.0,600.0,12.0,178.0,12.0,2348306088.0,15471897.0
typescript,full-check,0,candidate,1,0,1790160136.693,3.048,3026841709.0,4.0,53388.0,600.0,12.0,178.0,12.0,2064996960.0,13887022.0
typescript,full-check,0,candidate,1,1,1790160139.745,3.133,3107321125.0,4.0,53388.0,600.0,12.0,178.0,12.0,2065779560.0,13886106.0
typescript,full-check,0,candidate,1,2,1790160142.882,3.082,3060910251.0,4.0,53388.0,600.0,12.0,178.0,12.0,2067131776.0,13895825.0
typescript,full-check,0,candidate,1,3,1790160145.968,3.092,3070541916.0,4.0,53388.0,600.0,12.0,178.0,12.0,2065603848.0,13886410.0
typescript,full-check,0,candidate,1,4,1790160149.064,3.138,3115277208.0,4.0,53388.0,600.0,12.0,178.0,12.0,2065655464.0,13886378.0
typescript,full-check,0,candidate,2,0,1790160152.206,3.068,3046743000.0,4.0,53388.0,600.0,12.0,178.0,12.0,2064901336.0,13885334.0
typescript,full-check,0,candidate,2,1,1790160155.277,3.111,3090373083.0,4.0,53388.0,600.0,12.0,178.0,12.0,2065328576.0,13884443.0
typescript,full-check,0,candidate,2,2,1790160158.393,3.099,3075676208.0,4.0,53388.0,600.0,12.0,178.0,12.0,2065638768.0,13887221.0
typescript,full-check,0,candidate,2,3,1790160161.495,3.113,3089043000.0,4.0,53388.0,600.0,12.0,178.0,12.0,2066377200.0,13892032.0
typescript,full-check,0,candidate,2,4,1790160164.612,3.04,3019886459.0,4.0,53388.0,600.0,12.0,178.0,12.0,2066668392.0,13893705.0
typescript,full-check,0,baseline,3,0,1790160167.656,2.836,2811358167.0,4.0,53389.0,600.0,12.0,178.0,12.0,2342595096.0,15457620.0
typescript,full-check,0,baseline,3,1,1790160170.496,2.748,2722024291.0,4.0,53389.0,600.0,12.0,178.0,12.0,2300847232.0,15288305.0
typescript,full-check,0,baseline,3,2,1790160173.248,2.924,2896354500.0,4.0,53389.0,600.0,12.0,178.0,12.0,2361889344.0,15586401.0
typescript,full-check,0,baseline,3,3,1790160176.175,2.985,2957489291.0,4.0,53389.0,600.0,12.0,178.0,12.0,2334410608.0,15441499.0
typescript,full-check,0,baseline,3,4,1790160179.164,2.971,2943487875.0,4.0,53389.0,600.0,12.0,178.0,12.0,2383295704.0,15716243.0
typescript,one-cold,0,baseline,0,0,1790160182.139,0.141,128256708.0,4.0,49.0,1.0,12.0,0.0,12.0,400374368.0,769136.0
typescript,one-cold,0,baseline,0,1,1790160182.283,0.148,136567000.0,4.0,49.0,1.0,12.0,0.0,12.0,400091536.0,764369.0
typescript,one-cold,0,baseline,0,2,1790160182.435,0.145,132588375.0,4.0,49.0,1.0,12.0,0.0,12.0,400036640.0,764655.0
typescript,one-cold,0,baseline,0,3,1790160182.584,0.156,142745208.0,4.0,49.0,1.0,12.0,0.0,12.0,400200904.0,765082.0
typescript,one-cold,0,baseline,0,4,1790160182.744,0.139,126137084.0,4.0,49.0,1.0,12.0,0.0,12.0,402908760.0,778590.0
typescript,one-cold,0,candidate,1,0,1790160182.886,0.138,124148667.0,4.0,49.0,1.0,12.0,0.0,12.0,400247424.0,765971.0
typescript,one-cold,0,candidate,1,1,1790160183.028,0.149,136467334.0,4.0,49.0,1.0,12.0,0.0,12.0,400335760.0,766204.0
typescript,one-cold,0,candidate,1,2,1790160183.181,0.139,126033458.0,4.0,49.0,1.0,12.0,0.0,12.0,400530072.0,767013.0
typescript,one-cold,0,candidate,1,3,1790160183.324,0.142,128554167.0,4.0,49.0,1.0,12.0,0.0,12.0,400170888.0,764634.0
typescript,one-cold,0,candidate,1,4,1790160183.47,0.142,128499917.0,4.0,49.0,1.0,12.0,0.0,12.0,400185736.0,765017.0
typescript,one-cold,0,candidate,2,0,1790160183.615,0.154,140303458.0,4.0,49.0,1.0,12.0,0.0,12.0,400596384.0,766636.0
typescript,one-cold,0,candidate,2,1,1790160183.774,0.152,139853791.0,4.0,49.0,1.0,12.0,0.0,12.0,401153480.0,773724.0
typescript,one-cold,0,candidate,2,2,1790160183.93,0.147,135017250.0,4.0,49.0,1.0,12.0,0.0,12.0,402305272.0,775024.0
typescript,one-cold,0,candidate,2,3,1790160184.081,0.15,136537791.0,4.0,49.0,1.0,12.0,0.0,12.0,400237512.0,765414.0
typescript,one-cold,0,candidate,2,4,1790160184.235,0.155,141487542.0,4.0,49.0,1.0,12.0,0.0,12.0,400376976.0,769518.0
typescript,one-cold,0,baseline,3,0,1790160184.394,0.157,143350334.0,4.0,49.0,1.0,12.0,0.0,12.0,399986488.0,764279.0
typescript,one-cold,0,baseline,3,1,1790160184.555,0.151,137524125.0,4.0,49.0,1.0,12.0,0.0,12.0,400250544.0,765101.0
typescript,one-cold,0,baseline,3,2,1790160184.709,0.158,144991167.0,4.0,49.0,1.0,12.0,0.0,12.0,400499888.0,765560.0
typescript,one-cold,0,baseline,3,3,1790160184.871,0.151,137593917.0,4.0,49.0,1.0,12.0,0.0,12.0,401389744.0,772478.0
typescript,one-cold,0,baseline,3,4,1790160185.025,0.138,125527334.0,4.0,49.0,1.0,12.0,0.0,12.0,400427368.0,766733.0
typescript,ten-cold,0,baseline,0,0,1790160185.168,0.583,566128083.0,4.0,7261.0,60.0,12.0,0.0,12.0,741101144.0,3186753.0
typescript,ten-cold,0,baseline,0,1,1790160185.755,0.57,555123126.0,4.0,7261.0,60.0,12.0,0.0,12.0,746675272.0,3199496.0
typescript,ten-cold,0,baseline,0,2,1790160186.329,0.59,574131791.0,4.0,7261.0,60.0,12.0,0.0,12.0,741518336.0,3189076.0
typescript,ten-cold,0,baseline,0,3,1790160186.923,0.561,545243667.0,4.0,7261.0,60.0,12.0,0.0,12.0,743467024.0,3195303.0
typescript,ten-cold,0,baseline,0,4,1790160187.488,0.584,568349417.0,4.0,7261.0,60.0,12.0,0.0,12.0,737280224.0,3170891.0
typescript,ten-cold,0,candidate,1,0,1790160188.075,0.86,845299499.0,4.0,7261.0,60.0,12.0,0.0,12.0,751502536.0,3214930.0
typescript,ten-cold,0,candidate,1,1,1790160188.939,0.863,848447708.0,4.0,7261.0,60.0,12.0,0.0,12.0,752010848.0,3213621.0
typescript,ten-cold,0,candidate,1,2,1790160189.806,0.871,857330500.0,4.0,7261.0,60.0,12.0,0.0,12.0,752175688.0,3214407.0
typescript,ten-cold,0,candidate,1,3,1790160190.681,0.878,863822166.0,4.0,7261.0,60.0,12.0,0.0,12.0,751857344.0,3214070.0
typescript,ten-cold,0,candidate,1,4,1790160191.563,0.896,881894625.0,4.0,7261.0,60.0,12.0,0.0,12.0,751820168.0,3213768.0
typescript,ten-cold,0,candidate,2,0,1790160192.463,0.895,879561792.0,4.0,7261.0,60.0,12.0,0.0,12.0,752040904.0,3213414.0
typescript,ten-cold,0,candidate,2,1,1790160193.362,0.898,882570749.0,4.0,7261.0,60.0,12.0,0.0,12.0,753301280.0,3221727.0
typescript,ten-cold,0,candidate,2,2,1790160194.264,0.88,865851542.0,4.0,7261.0,60.0,12.0,0.0,12.0,752248888.0,3213466.0
typescript,ten-cold,0,candidate,2,3,1790160195.148,0.885,869296999.0,4.0,7261.0,60.0,12.0,0.0,12.0,754993888.0,3230161.0
typescript,ten-cold,0,candidate,2,4,1790160196.037,0.876,861079666.0,4.0,7261.0,60.0,12.0,0.0,12.0,751765104.0,3214829.0
typescript,ten-cold,0,baseline,3,0,1790160196.917,0.587,571413876.0,4.0,7261.0,60.0,12.0,0.0,12.0,737971856.0,3170412.0
typescript,ten-cold,0,baseline,3,1,1790160197.508,0.617,601090125.0,4.0,7261.0,60.0,12.0,0.0,12.0,746403936.0,3203299.0
typescript,ten-cold,0,baseline,3,2,1790160198.128,0.606,589448417.0,4.0,7261.0,60.0,12.0,0.0,12.0,747829848.0,3205136.0
typescript,ten-cold,0,baseline,3,3,1790160198.738,0.57,554422875.0,4.0,7261.0,60.0,12.0,0.0,12.0,740099160.0,3181748.0
typescript,ten-cold,0,baseline,3,4,1790160199.313,0.648,631745458.0,4.0,7261.0,60.0,12.0,0.0,12.0,749166904.0,3206163.0
typescript,one-warm,0,baseline,0,0,1790160199.965,1.149,6284291.0,4.0,49.0,1.0,12.0,0.0,12.0,1638336.0,13721.0
typescript,one-warm,0,baseline,0,1,1790160201.118,1.098,5855416.0,4.0,49.0,1.0,12.0,0.0,12.0,1564320.0,13712.0
typescript,one-warm,0,baseline,0,2,1790160202.22,1.155,5831958.0,4.0,49.0,1.0,12.0,0.0,12.0,1674560.0,13721.0
typescript,one-warm,0,baseline,0,3,1790160203.379,1.101,6401125.0,4.0,49.0,1.0,12.0,0.0,12.0,1599232.0,13713.0
typescript,one-warm,0,baseline,0,4,1790160204.484,1.121,6209041.0,4.0,49.0,1.0,12.0,0.0,12.0,1636160.0,13717.0
typescript,one-warm,0,candidate,1,0,1790160205.61,1.215,5855583.0,4.0,49.0,1.0,12.0,0.0,12.0,1307208.0,13015.0
typescript,one-warm,0,candidate,1,1,1790160206.829,1.222,5142750.0,4.0,49.0,1.0,12.0,0.0,12.0,1342672.0,13020.0
typescript,one-warm,0,candidate,1,2,1790160208.055,1.428,5172917.0,4.0,49.0,1.0,12.0,0.0,12.0,1307688.0,13018.0
typescript,one-warm,0,candidate,1,3,1790160209.487,1.363,4517375.0,4.0,49.0,1.0,12.0,0.0,12.0,1308008.0,13020.0
typescript,one-warm,0,candidate,1,4,1790160210.853,1.186,4648750.0,4.0,49.0,1.0,12.0,0.0,12.0,1344928.0,13024.0
typescript,one-warm,0,candidate,2,0,1790160212.044,1.175,4436042.0,4.0,49.0,1.0,12.0,0.0,12.0,1307728.0,13029.0
typescript,one-warm,0,candidate,2,1,1790160213.224,1.238,6124083.0,4.0,49.0,1.0,12.0,0.0,12.0,1307784.0,13019.0
typescript,one-warm,0,candidate,2,2,1790160214.466,1.184,4573208.0,4.0,49.0,1.0,12.0,0.0,12.0,1305984.0,13017.0
typescript,one-warm,0,candidate,2,3,1790160215.654,1.218,20613625.0,4.0,49.0,1.0,12.0,0.0,12.0,1313432.0,13026.0
typescript,one-warm,0,candidate,2,4,1790160216.876,1.232,4059083.0,4.0,49.0,1.0,12.0,0.0,12.0,1308320.0,13022.0
typescript,one-warm,0,baseline,3,0,1790160218.113,1.339,6704167.0,4.0,49.0,1.0,12.0,0.0,12.0,1601408.0,13717.0
typescript,one-warm,0,baseline,3,1,1790160219.456,1.234,7054167.0,4.0,49.0,1.0,12.0,0.0,12.0,1635520.0,13713.0
typescript,one-warm,0,baseline,3,2,1790160220.695,1.221,6984875.0,4.0,49.0,1.0,12.0,0.0,12.0,1749280.0,13734.0
typescript,one-warm,0,baseline,3,3,1790160221.92,1.17,7481333.0,4.0,49.0,1.0,12.0,0.0,12.0,1673408.0,13723.0
typescript,one-warm,0,baseline,3,4,1790160223.095,1.186,7751917.0,4.0,49.0,1.0,12.0,0.0,12.0,1599544.0,13715.0
typescript,ten-warm,0,baseline,0,0,1790160224.286,1.652,439795166.0,4.0,7261.0,60.0,12.0,0.0,12.0,217817640.0,1754916.0
typescript,ten-warm,0,baseline,0,1,1790160225.943,1.658,469545709.0,4.0,7261.0,60.0,12.0,0.0,12.0,213370056.0,1747082.0
typescript,ten-warm,0,baseline,0,2,1790160227.605,1.64,435042958.0,4.0,7261.0,60.0,12.0,0.0,12.0,204655704.0,1680641.0
typescript,ten-warm,0,baseline,0,3,1790160229.249,1.68,459942333.0,4.0,7261.0,60.0,12.0,0.0,12.0,217446280.0,1754926.0
typescript,ten-warm,0,baseline,0,4,1790160230.933,1.605,429921083.0,4.0,7261.0,60.0,12.0,0.0,12.0,205063384.0,1679067.0
typescript,ten-warm,0,candidate,1,0,1790160232.542,1.85,622259000.0,4.0,7261.0,60.0,12.0,0.0,12.0,178183072.0,1542860.0
typescript,ten-warm,0,candidate,1,1,1790160234.397,2.011,659180666.0,4.0,7261.0,60.0,12.0,0.0,12.0,177460600.0,1542657.0
typescript,ten-warm,0,candidate,1,2,1790160236.412,1.873,666738584.0,4.0,7261.0,60.0,12.0,0.0,12.0,177925936.0,1542529.0
typescript,ten-warm,0,candidate,1,3,1790160238.289,1.929,656281250.0,4.0,7261.0,60.0,12.0,0.0,12.0,177734144.0,1542607.0
typescript,ten-warm,0,candidate,1,4,1790160240.223,1.862,615448292.0,4.0,7261.0,60.0,12.0,0.0,12.0,178035864.0,1542713.0
typescript,ten-warm,0,candidate,2,0,1790160242.089,1.858,666302209.0,4.0,7261.0,60.0,12.0,0.0,12.0,177913824.0,1542687.0
typescript,ten-warm,0,candidate,2,1,1790160243.951,1.991,642995042.0,4.0,7261.0,60.0,12.0,0.0,12.0,177952144.0,1542801.0
typescript,ten-warm,0,candidate,2,2,1790160245.947,1.946,645945625.0,4.0,7261.0,60.0,12.0,0.0,12.0,178261000.0,1542743.0
typescript,ten-warm,0,candidate,2,3,1790160247.898,1.977,662071958.0,4.0,7261.0,60.0,12.0,0.0,12.0,177576160.0,1542496.0
typescript,ten-warm,0,candidate,2,4,1790160249.879,1.828,617117875.0,4.0,7261.0,60.0,12.0,0.0,12.0,177772688.0,1542704.0
typescript,ten-warm,0,baseline,3,0,1790160251.711,1.751,464322959.0,4.0,7261.0,60.0,12.0,0.0,12.0,203355384.0,1674919.0
typescript,ten-warm,0,baseline,3,1,1790160253.467,1.69,464657209.0,4.0,7261.0,60.0,12.0,0.0,12.0,218440488.0,1759407.0
typescript,ten-warm,0,baseline,3,2,1790160255.162,1.664,465051916.0,4.0,7261.0,60.0,12.0,0.0,12.0,204673336.0,1678274.0
typescript,ten-warm,0,baseline,3,3,1790160256.83,1.679,437049916.0,4.0,7261.0,60.0,12.0,0.0,12.0,200080248.0,1666437.0
typescript,ten-warm,0,baseline,3,4,1790160258.513,1.722,524962543.0,4.0,7261.0,60.0,12.0,0.0,12.0,214198496.0,1741047.0
typeorm,full-lint,0,baseline,0,0,1790160260.24,0.907,888112208.0,4.0,27525.0,3172.0,12.0,0.0,12.0,991199968.0,8649471.0
typeorm,full-lint,0,baseline,0,1,1790160261.152,0.886,868994167.0,4.0,27525.0,3172.0,12.0,0.0,12.0,989188496.0,8636917.0
typeorm,full-lint,0,baseline,0,2,1790160262.042,0.844,824971792.0,4.0,27525.0,3172.0,12.0,0.0,12.0,990190824.0,8639995.0
typeorm,full-lint,0,baseline,0,3,1790160262.891,0.883,864011209.0,4.0,27525.0,3172.0,12.0,0.0,12.0,992703728.0,8656385.0
typeorm,full-lint,0,baseline,0,4,1790160263.778,1.038,1019909834.0,4.0,27525.0,3172.0,12.0,0.0,12.0,990023544.0,8643095.0
typeorm,full-lint,0,candidate,1,0,1790160264.82,0.891,873760041.0,4.0,27525.0,3172.0,12.0,0.0,12.0,987567304.0,8640289.0
typeorm,full-lint,0,candidate,1,1,1790160265.716,0.877,860276126.0,4.0,27525.0,3172.0,12.0,0.0,12.0,988878632.0,8649074.0
typeorm,full-lint,0,candidate,1,2,1790160266.598,0.893,875147875.0,4.0,27525.0,3172.0,12.0,0.0,12.0,988404208.0,8642023.0
typeorm,full-lint,0,candidate,1,3,1790160267.496,0.889,870435583.0,4.0,27525.0,3172.0,12.0,0.0,12.0,989657544.0,8664708.0
typeorm,full-lint,0,candidate,1,4,1790160268.389,0.906,888930292.0,4.0,27525.0,3172.0,12.0,0.0,12.0,990367048.0,8663912.0
typeorm,full-lint,0,candidate,2,0,1790160269.3,0.919,900017208.0,4.0,27525.0,3172.0,12.0,0.0,12.0,987539136.0,8642507.0
typeorm,full-lint,0,candidate,2,1,1790160270.223,0.998,980160333.0,4.0,27525.0,3172.0,12.0,0.0,12.0,987487496.0,8636359.0
typeorm,full-lint,0,candidate,2,2,1790160271.225,0.943,925160250.0,4.0,27525.0,3172.0,12.0,0.0,12.0,987432408.0,8640643.0
typeorm,full-lint,0,candidate,2,3,1790160272.173,0.985,967751542.0,4.0,27525.0,3172.0,12.0,0.0,12.0,988413512.0,8645740.0
typeorm,full-lint,0,candidate,2,4,1790160273.163,0.92,902119500.0,4.0,27525.0,3172.0,12.0,0.0,12.0,989434368.0,8662567.0
typeorm,full-lint,0,baseline,3,0,1790160274.087,0.846,828853501.0,4.0,27525.0,3172.0,12.0,0.0,12.0,991501328.0,8644451.0
typeorm,full-lint,0,baseline,3,1,1790160274.937,0.818,801451541.0,4.0,27525.0,3172.0,12.0,0.0,12.0,993045976.0,8659036.0
typeorm,full-lint,0,baseline,3,2,1790160275.76,0.82,801002833.0,4.0,27525.0,3172.0,12.0,0.0,12.0,987697240.0,8629588.0
typeorm,full-lint,0,baseline,3,3,1790160276.585,0.981,964306708.0,4.0,27525.0,3172.0,12.0,0.0,12.0,992395600.0,8660031.0
typeorm,full-lint,0,baseline,3,4,1790160277.571,0.856,837557875.0,4.0,27525.0,3172.0,12.0,0.0,12.0,991876800.0,8645624.0
typeorm,full-check,0,baseline,0,0,1790160278.432,1.117,1096002749.0,4.0,27525.0,3172.0,12.0,1.0,12.0,1239053696.0,10210166.0
typeorm,full-check,0,baseline,0,1,1790160279.554,1.261,1239442000.0,4.0,27525.0,3172.0,12.0,1.0,12.0,1228204256.0,10155466.0
typeorm,full-check,0,baseline,0,2,1790160280.819,1.466,1446895166.0,4.0,27525.0,3172.0,12.0,1.0,12.0,1230667440.0,10161613.0
typeorm,full-check,0,baseline,0,3,1790160282.289,1.121,1099927000.0,4.0,27526.0,3172.0,12.0,1.0,12.0,1235193144.0,10193730.0
typeorm,full-check,0,baseline,0,4,1790160283.415,1.092,1070820916.0,4.0,27525.0,3172.0,12.0,1.0,12.0,1227115456.0,10170456.0
typeorm,full-check,0,candidate,1,0,1790160284.511,0.951,931903000.0,4.0,27526.0,3172.0,12.0,1.0,12.0,1040910336.0,8993433.0
typeorm,full-check,0,candidate,1,1,1790160285.466,0.974,953557000.0,4.0,27526.0,3172.0,12.0,1.0,12.0,1041819112.0,8993436.0
typeorm,full-check,0,candidate,1,2,1790160286.445,0.96,941415958.0,4.0,27526.0,3172.0,12.0,1.0,12.0,1042594296.0,9013096.0
typeorm,full-check,0,candidate,1,3,1790160287.41,0.959,941220750.0,4.0,27526.0,3172.0,12.0,1.0,12.0,1039772312.0,8978239.0
typeorm,full-check,0,candidate,1,4,1790160288.373,0.945,924037041.0,4.0,27526.0,3172.0,12.0,1.0,12.0,1040020632.0,8980548.0
typeorm,full-check,0,candidate,2,0,1790160289.323,1.03,1011250874.0,4.0,27526.0,3172.0,12.0,1.0,12.0,1040914824.0,8987810.0
typeorm,full-check,0,candidate,2,1,1790160290.358,1.22,1197744333.0,4.0,27526.0,3172.0,12.0,1.0,12.0,1039554544.0,8977744.0
typeorm,full-check,0,candidate,2,2,1790160291.583,1.108,1089096375.0,4.0,27526.0,3172.0,12.0,1.0,12.0,1041780952.0,9005696.0
typeorm,full-check,0,candidate,2,3,1790160292.695,1.002,983046542.0,4.0,27526.0,3172.0,12.0,1.0,12.0,1039905480.0,8980279.0
typeorm,full-check,0,candidate,2,4,1790160293.702,0.932,914253792.0,4.0,27526.0,3172.0,12.0,1.0,12.0,1040869200.0,8986435.0
typeorm,full-check,0,baseline,3,0,1790160294.639,1.089,1068731958.0,4.0,27525.0,3172.0,12.0,1.0,12.0,1228882624.0,10169989.0
typeorm,full-check,0,baseline,3,1,1790160295.733,1.133,1111218625.0,4.0,27525.0,3172.0,12.0,1.0,12.0,1232049880.0,10174196.0
typeorm,full-check,0,baseline,3,2,1790160296.87,1.084,1064268500.0,4.0,27525.0,3172.0,12.0,1.0,12.0,1227023512.0,10173223.0
typeorm,full-check,0,baseline,3,3,1790160297.959,1.074,1052985166.0,4.0,27525.0,3172.0,12.0,1.0,12.0,1225271240.0,10169506.0
typeorm,full-check,0,baseline,3,4,1790160299.037,1.106,1085209333.0,4.0,27525.0,3172.0,12.0,1.0,12.0,1236457648.0,10180181.0
typeorm,one-cold,0,baseline,0,0,1790160300.149,0.286,267165291.0,4.0,0.0,1.0,12.0,0.0,12.0,316215224.0,1405820.0
typeorm,one-cold,0,baseline,0,1,1790160300.439,0.206,194118500.0,4.0,0.0,1.0,12.0,0.0,12.0,316921176.0,1412765.0
typeorm,one-cold,0,baseline,0,2,1790160300.65,0.216,203108334.0,4.0,0.0,1.0,12.0,0.0,12.0,317925872.0,1422355.0
typeorm,one-cold,0,baseline,0,3,1790160300.871,0.213,199608042.0,4.0,0.0,1.0,12.0,0.0,12.0,317174224.0,1413479.0
typeorm,one-cold,0,baseline,0,4,1790160301.088,0.213,200564292.0,4.0,0.0,1.0,12.0,0.0,12.0,316693128.0,1407890.0
typeorm,one-cold,0,candidate,1,0,1790160301.306,0.226,213661875.0,4.0,0.0,1.0,12.0,0.0,12.0,317823944.0,1429131.0
typeorm,one-cold,0,candidate,1,1,1790160301.536,0.208,195609833.0,4.0,0.0,1.0,12.0,0.0,12.0,315184072.0,1395435.0
typeorm,one-cold,0,candidate,1,2,1790160301.749,0.23,216140291.0,4.0,0.0,1.0,12.0,0.0,12.0,316236552.0,1404561.0
typeorm,one-cold,0,candidate,1,3,1790160301.983,0.207,194175583.0,4.0,0.0,1.0,12.0,0.0,12.0,315320520.0,1393355.0
typeorm,one-cold,0,candidate,1,4,1790160302.195,0.234,220694708.0,4.0,0.0,1.0,12.0,0.0,12.0,316867272.0,1418166.0
typeorm,one-cold,0,candidate,2,0,1790160302.434,0.209,196588792.0,4.0,0.0,1.0,12.0,0.0,12.0,316937904.0,1416937.0
typeorm,one-cold,0,candidate,2,1,1790160302.648,0.24,226259292.0,4.0,0.0,1.0,12.0,0.0,12.0,315931408.0,1407125.0
typeorm,one-cold,0,candidate,2,2,1790160302.893,0.219,206790625.0,4.0,0.0,1.0,12.0,0.0,12.0,316112656.0,1404806.0
typeorm,one-cold,0,candidate,2,3,1790160303.116,0.209,196514208.0,4.0,0.0,1.0,12.0,0.0,12.0,314957448.0,1395289.0
typeorm,one-cold,0,candidate,2,4,1790160303.329,0.206,193341750.0,4.0,0.0,1.0,12.0,0.0,12.0,315881104.0,1403764.0
typeorm,one-cold,0,baseline,3,0,1790160303.54,0.211,198129500.0,4.0,0.0,1.0,12.0,0.0,12.0,315351440.0,1396588.0
typeorm,one-cold,0,baseline,3,1,1790160303.755,0.212,198550917.0,4.0,0.0,1.0,12.0,0.0,12.0,317212000.0,1405853.0
typeorm,one-cold,0,baseline,3,2,1790160303.972,0.215,202661709.0,4.0,0.0,1.0,12.0,0.0,12.0,317544632.0,1425583.0
typeorm,one-cold,0,baseline,3,3,1790160304.191,0.276,262904500.0,4.0,0.0,1.0,12.0,0.0,12.0,316762592.0,1408575.0
typeorm,one-cold,0,baseline,3,4,1790160304.472,0.247,233357125.0,4.0,0.0,1.0,12.0,0.0,12.0,315114552.0,1393863.0
typeorm,ten-cold,0,baseline,0,0,1790160304.724,0.292,278325625.0,4.0,3321.0,318.0,12.0,0.0,12.0,412874952.0,2311498.0
typeorm,ten-cold,0,baseline,0,1,1790160305.02,0.323,309679333.0,4.0,3321.0,318.0,12.0,0.0,12.0,412716360.0,2308456.0
typeorm,ten-cold,0,baseline,0,2,1790160305.348,0.291,277206792.0,4.0,3321.0,318.0,12.0,0.0,12.0,411435800.0,2301024.0
typeorm,ten-cold,0,baseline,0,3,1790160305.643,0.3,286174667.0,4.0,3321.0,318.0,12.0,0.0,12.0,410702144.0,2309012.0
typeorm,ten-cold,0,baseline,0,4,1790160305.948,0.286,272166167.0,4.0,3321.0,318.0,12.0,0.0,12.0,413750232.0,2326626.0
typeorm,ten-cold,0,candidate,1,0,1790160306.238,0.317,303889041.0,4.0,3321.0,318.0,12.0,0.0,12.0,414158720.0,2323254.0
typeorm,ten-cold,0,candidate,1,1,1790160306.56,0.305,292243208.0,4.0,3321.0,318.0,12.0,0.0,12.0,411671488.0,2301218.0
typeorm,ten-cold,0,candidate,1,2,1790160306.87,0.298,285375250.0,4.0,3321.0,318.0,12.0,0.0,12.0,412128544.0,2303049.0
typeorm,ten-cold,0,candidate,1,3,1790160307.173,0.312,298458292.0,4.0,3321.0,318.0,12.0,0.0,12.0,412062504.0,2304015.0
typeorm,ten-cold,0,candidate,1,4,1790160307.489,0.302,289279417.0,4.0,3321.0,318.0,12.0,0.0,12.0,411211968.0,2294972.0
typeorm,ten-cold,0,candidate,2,0,1790160307.796,0.323,308997874.0,4.0,3321.0,318.0,12.0,0.0,12.0,412117704.0,2303186.0
typeorm,ten-cold,0,candidate,2,1,1790160308.123,0.317,303541459.0,4.0,3321.0,318.0,12.0,0.0,12.0,411847512.0,2303339.0
typeorm,ten-cold,0,candidate,2,2,1790160308.445,0.308,294830250.0,4.0,3321.0,318.0,12.0,0.0,12.0,412226376.0,2307397.0
typeorm,ten-cold,0,candidate,2,3,1790160308.757,0.303,289921668.0,4.0,3321.0,318.0,12.0,0.0,12.0,412656320.0,2303141.0
typeorm,ten-cold,0,candidate,2,4,1790160309.065,0.304,290427125.0,4.0,3321.0,318.0,12.0,0.0,12.0,414189944.0,2318982.0
typeorm,ten-cold,0,baseline,3,0,1790160309.373,0.285,271821208.0,4.0,3321.0,318.0,12.0,0.0,12.0,413522376.0,2330236.0
typeorm,ten-cold,0,baseline,3,1,1790160309.663,0.286,272921083.0,4.0,3321.0,318.0,12.0,0.0,12.0,410838576.0,2302338.0
typeorm,ten-cold,0,baseline,3,2,1790160309.954,0.34,326720250.0,4.0,3321.0,318.0,12.0,0.0,12.0,414004320.0,2325623.0
typeorm,ten-cold,0,baseline,3,3,1790160310.299,0.289,276293083.0,4.0,3321.0,318.0,12.0,0.0,12.0,412055264.0,2313813.0
typeorm,ten-cold,0,baseline,3,4,1790160310.593,0.284,270980333.0,4.0,3321.0,318.0,12.0,0.0,12.0,413244592.0,2325768.0
typeorm,one-warm,0,baseline,0,0,1790160310.881,0.563,296251.0,4.0,0.0,1.0,12.0,0.0,12.0,249384.0,1718.0
typeorm,one-warm,0,baseline,0,1,1790160311.449,0.555,330958.0,4.0,0.0,1.0,12.0,0.0,12.0,250856.0,1727.0
typeorm,one-warm,0,baseline,0,2,1790160312.009,0.563,302375.0,4.0,0.0,1.0,12.0,0.0,12.0,250824.0,1727.0
typeorm,one-warm,0,baseline,0,3,1790160312.576,0.584,310166.0,4.0,0.0,1.0,12.0,0.0,12.0,250344.0,1724.0
typeorm,one-warm,0,baseline,0,4,1790160313.165,0.59,340334.0,4.0,0.0,1.0,12.0,0.0,12.0,251016.0,1728.0
typeorm,one-warm,0,candidate,1,0,1790160313.759,0.546,410667.0,4.0,0.0,1.0,12.0,0.0,12.0,247984.0,1694.0
typeorm,one-warm,0,candidate,1,1,1790160314.311,0.564,446500.0,4.0,0.0,1.0,12.0,0.0,12.0,248784.0,1699.0
typeorm,one-warm,0,candidate,1,2,1790160314.879,0.56,429542.0,4.0,0.0,1.0,12.0,0.0,12.0,248304.0,1696.0
typeorm,one-warm,0,candidate,1,3,1790160315.444,0.559,365709.0,4.0,0.0,1.0,12.0,0.0,12.0,247632.0,1692.0
typeorm,one-warm,0,candidate,1,4,1790160316.009,0.546,354791.0,4.0,0.0,1.0,12.0,0.0,12.0,248304.0,1696.0
typeorm,one-warm,0,candidate,2,0,1790160316.56,0.562,347667.0,4.0,0.0,1.0,12.0,0.0,12.0,248144.0,1695.0
typeorm,one-warm,0,candidate,2,1,1790160317.127,0.548,387293.0,4.0,0.0,1.0,12.0,0.0,12.0,247664.0,1692.0
typeorm,one-warm,0,candidate,2,2,1790160317.68,0.564,371708.0,4.0,0.0,1.0,12.0,0.0,12.0,247824.0,1693.0
typeorm,one-warm,0,candidate,2,3,1790160318.249,0.556,332167.0,4.0,0.0,1.0,12.0,0.0,12.0,248272.0,1696.0
typeorm,one-warm,0,candidate,2,4,1790160318.81,0.549,384374.0,4.0,0.0,1.0,12.0,0.0,12.0,248624.0,1698.0
typeorm,one-warm,0,baseline,3,0,1790160319.363,0.559,323167.0,4.0,0.0,1.0,12.0,0.0,12.0,249736.0,1720.0
typeorm,one-warm,0,baseline,3,1,1790160319.927,0.552,325584.0,4.0,0.0,1.0,12.0,0.0,12.0,249896.0,1721.0
typeorm,one-warm,0,baseline,3,2,1790160320.484,0.566,377042.0,4.0,0.0,1.0,12.0,0.0,12.0,250216.0,1723.0
typeorm,one-warm,0,baseline,3,3,1790160321.055,0.555,352042.0,4.0,0.0,1.0,12.0,0.0,12.0,249736.0,1720.0
typeorm,one-warm,0,baseline,3,4,1790160321.615,0.539,332083.0,4.0,0.0,1.0,12.0,0.0,12.0,249896.0,1721.0
typeorm,ten-warm,0,baseline,0,0,1790160322.16,0.613,56557500.0,4.0,3321.0,318.0,12.0,0.0,12.0,63332656.0,748169.0
typeorm,ten-warm,0,baseline,0,1,1790160322.777,0.666,75545166.0,4.0,3321.0,318.0,12.0,0.0,12.0,61747264.0,740412.0
typeorm,ten-warm,0,baseline,0,2,1790160323.448,0.623,54199041.0,4.0,3322.0,318.0,12.0,0.0,12.0,59429040.0,724144.0
typeorm,ten-warm,0,baseline,0,3,1790160324.076,0.615,55810708.0,4.0,3321.0,318.0,12.0,0.0,12.0,59995944.0,732043.0
typeorm,ten-warm,0,baseline,0,4,1790160324.695,0.651,63564542.0,4.0,3321.0,318.0,12.0,0.0,12.0,59274040.0,721920.0
typeorm,ten-warm,0,candidate,1,0,1790160325.351,0.605,44766875.0,4.0,3322.0,318.0,12.0,0.0,12.0,37487480.0,574309.0
typeorm,ten-warm,0,candidate,1,1,1790160325.961,0.623,45000584.0,4.0,3322.0,318.0,12.0,0.0,12.0,37535888.0,574193.0
typeorm,ten-warm,0,candidate,1,2,1790160326.589,0.596,45146874.0,4.0,3322.0,318.0,12.0,0.0,12.0,37571848.0,574165.0
typeorm,ten-warm,0,candidate,1,3,1790160327.19,0.607,44806541.0,4.0,3322.0,318.0,12.0,0.0,12.0,37534480.0,574172.0
typeorm,ten-warm,0,candidate,1,4,1790160327.802,0.604,45487875.0,4.0,3322.0,318.0,12.0,0.0,12.0,37357120.0,574256.0
typeorm,ten-warm,0,candidate,2,0,1790160328.41,0.611,43988750.0,4.0,3322.0,318.0,12.0,0.0,12.0,37591008.0,574207.0
typeorm,ten-warm,0,candidate,2,1,1790160329.026,0.602,44262958.0,4.0,3322.0,318.0,12.0,0.0,12.0,37809520.0,574234.0
typeorm,ten-warm,0,candidate,2,2,1790160329.633,0.607,47847958.0,4.0,3322.0,318.0,12.0,0.0,12.0,37486888.0,574339.0
typeorm,ten-warm,0,candidate,2,3,1790160330.245,0.612,45444416.0,4.0,3322.0,318.0,12.0,0.0,12.0,37866344.0,574236.0
typeorm,ten-warm,0,candidate,2,4,1790160330.862,0.605,44509791.0,4.0,3322.0,318.0,12.0,0.0,12.0,37636168.0,573984.0
typeorm,ten-warm,0,baseline,3,0,1790160331.471,0.608,54019750.0,4.0,3321.0,318.0,12.0,0.0,12.0,57909952.0,710525.0
typeorm,ten-warm,0,baseline,3,1,1790160332.085,0.615,54515001.0,4.0,3321.0,318.0,12.0,0.0,12.0,59415224.0,716712.0
typeorm,ten-warm,0,baseline,3,2,1790160332.704,0.658,69933209.0,4.0,3321.0,318.0,12.0,0.0,12.0,60430560.0,728645.0
typeorm,ten-warm,0,baseline,3,3,1790160333.368,0.633,54293875.0,4.0,3321.0,318.0,12.0,0.0,12.0,57931136.0,712937.0
typeorm,ten-warm,0,baseline,3,4,1790160334.005,0.617,49513792.0,4.0,3322.0,318.0,12.0,0.0,12.0,51543288.0,669396.0
vue,full-lint,0,baseline,0,0,1790160334.628,0.9,881993542.0,4.0,12295.0,432.0,12.0,0.0,12.0,978084064.0,8323973.0
vue,full-lint,0,baseline,0,1,1790160335.534,0.863,844544500.0,4.0,12295.0,432.0,12.0,0.0,12.0,969852032.0,8313759.0
vue,full-lint,0,baseline,0,2,1790160336.402,0.905,888475541.0,4.0,12295.0,432.0,12.0,0.0,12.0,978902120.0,8300682.0
vue,full-lint,0,baseline,0,3,1790160337.312,0.877,861070875.0,4.0,12295.0,432.0,12.0,0.0,12.0,992674368.0,8312802.0
vue,full-lint,0,baseline,0,4,1790160338.194,0.864,847901959.0,4.0,12295.0,432.0,12.0,0.0,12.0,975688968.0,8319221.0
vue,full-lint,0,candidate,1,0,1790160339.064,1.02,1001672625.0,4.0,12295.0,432.0,12.0,0.0,12.0,998264496.0,8379438.0
vue,full-lint,0,candidate,1,1,1790160340.088,1.086,1066948500.0,4.0,12295.0,432.0,12.0,0.0,12.0,998768784.0,8384245.0
vue,full-lint,0,candidate,1,2,1790160341.18,1.011,990995334.0,4.0,12295.0,432.0,12.0,0.0,12.0,998179536.0,8378984.0
vue,full-lint,0,candidate,1,3,1790160342.196,0.932,915207291.0,4.0,12295.0,432.0,12.0,0.0,12.0,998347664.0,8378284.0
vue,full-lint,0,candidate,1,4,1790160591.09,0.937,918932125.0,4.0,12295.0,432.0,12.0,0.0,12.0,999126320.0,8391204.0
vue,full-lint,0,candidate,2,0,1790160592.032,0.931,914035916.0,4.0,12295.0,432.0,12.0,0.0,12.0,997581072.0,8377164.0
vue,full-lint,0,candidate,2,1,1790160592.968,0.918,899029791.0,4.0,12295.0,432.0,12.0,0.0,12.0,997863240.0,8376247.0
vue,full-lint,0,candidate,2,2,1790160593.891,0.923,904756583.0,4.0,12295.0,432.0,12.0,0.0,12.0,997739792.0,8377346.0
vue,full-lint,0,candidate,2,3,1790160594.819,0.917,898713084.0,4.0,12295.0,432.0,12.0,0.0,12.0,998211960.0,8378625.0
vue,full-lint,0,candidate,2,4,1790160595.74,0.921,902388125.0,4.0,12295.0,432.0,12.0,0.0,12.0,998039856.0,8377326.0
vue,full-lint,0,baseline,3,0,1790160596.666,0.828,809681166.0,4.0,12295.0,432.0,12.0,0.0,12.0,984577856.0,8342217.0
vue,full-lint,0,baseline,3,1,1790160597.499,0.839,820535625.0,4.0,12295.0,432.0,12.0,0.0,12.0,988286504.0,8352967.0
vue,full-lint,0,baseline,3,2,1790160598.342,0.828,810872250.0,4.0,12295.0,432.0,12.0,0.0,12.0,972938384.0,8319135.0
vue,full-lint,0,baseline,3,3,1790160599.175,0.849,832437750.0,4.0,12295.0,432.0,12.0,0.0,12.0,974686432.0,8332582.0
vue,full-lint,0,baseline,3,4,1790160600.029,0.828,809064541.0,4.0,12295.0,432.0,12.0,0.0,12.0,973660584.0,8303678.0
vue,full-check,0,baseline,0,0,1790160600.863,1.249,1228077791.0,4.0,12296.0,432.0,12.0,6.0,12.0,1335307656.0,11550804.0
vue,full-check,0,baseline,0,1,1790160602.116,1.33,1307750250.0,4.0,12293.0,432.0,12.0,6.0,12.0,1376821032.0,11668236.0
vue,full-check,0,baseline,0,2,1790160603.451,1.398,1377419958.0,4.0,12296.0,432.0,12.0,6.0,12.0,1337438160.0,12015326.0
vue,full-check,0,baseline,0,3,1790160604.854,1.25,1224564751.0,4.0,12295.0,432.0,12.0,6.0,12.0,1331320104.0,11871805.0
vue,full-check,0,baseline,0,4,1790160606.109,1.258,1236320583.0,4.0,12297.0,432.0,12.0,6.0,12.0,1294771200.0,10986289.0
vue,full-check,0,candidate,1,0,1790160607.371,1.014,995284334.0,4.0,12295.0,432.0,12.0,6.0,12.0,1022940648.0,8552561.0
vue,full-check,0,candidate,1,1,1790160608.39,1.021,1003101541.0,4.0,12295.0,432.0,12.0,6.0,12.0,1021933720.0,8540556.0
vue,full-check,0,candidate,1,2,1790160609.417,0.998,980006958.0,4.0,12295.0,432.0,12.0,6.0,12.0,1022061792.0,8542060.0
vue,full-check,0,candidate,1,3,1790160610.42,1.226,1206735542.0,4.0,12295.0,432.0,12.0,6.0,12.0,1022172728.0,8541371.0
vue,full-check,0,candidate,1,4,1790160611.65,1.239,1218586832.0,4.0,12295.0,432.0,12.0,6.0,12.0,1022546848.0,8548692.0
vue,full-check,0,candidate,2,0,1790160612.893,1.114,1095810750.0,4.0,12295.0,432.0,12.0,6.0,12.0,1022738464.0,8546085.0
vue,full-check,0,candidate,2,1,1790160614.012,0.975,957013251.0,4.0,12295.0,432.0,12.0,6.0,12.0,1022335136.0,8546010.0
vue,full-check,0,candidate,2,2,1790160614.991,1.025,1007767041.0,4.0,12295.0,432.0,12.0,6.0,12.0,1022303560.0,8546875.0
vue,full-check,0,candidate,2,3,1790160616.022,1.084,1064475959.0,4.0,12295.0,432.0,12.0,6.0,12.0,1022107816.0,8546030.0
vue,full-check,0,candidate,2,4,1790160617.111,1.061,1043063458.0,4.0,12295.0,432.0,12.0,6.0,12.0,1022266528.0,8542742.0
vue,full-check,0,baseline,3,0,1790160618.177,1.319,1298776291.0,4.0,12295.0,432.0,12.0,6.0,12.0,1358942504.0,12243246.0
vue,full-check,0,baseline,3,1,1790160619.5,1.285,1263422166.0,4.0,12296.0,432.0,12.0,6.0,12.0,1325403880.0,11782654.0
vue,full-check,0,baseline,3,2,1790160620.789,1.273,1252358917.0,4.0,12295.0,432.0,12.0,6.0,12.0,1307761944.0,10953878.0
vue,full-check,0,baseline,3,3,1790160622.067,1.334,1310486417.0,4.0,12293.0,432.0,12.0,6.0,12.0,1368616440.0,11949421.0
vue,full-check,0,baseline,3,4,1790160623.406,1.389,1365718792.0,4.0,12293.0,432.0,12.0,6.0,12.0,1385604224.0,12157066.0
vue,one-cold,0,baseline,0,0,1790160624.8,0.127,114495793.0,4.0,119.0,1.0,12.0,0.0,12.0,219701648.0,504894.0
vue,one-cold,0,baseline,0,1,1790160624.932,0.129,115792125.0,4.0,119.0,1.0,12.0,0.0,12.0,219789216.0,503203.0
vue,one-cold,0,baseline,0,2,1790160625.066,0.126,114368333.0,4.0,119.0,1.0,12.0,0.0,12.0,219841680.0,502142.0
vue,one-cold,0,baseline,0,3,1790160625.197,0.12,107000333.0,4.0,119.0,1.0,12.0,0.0,12.0,219663464.0,501958.0
vue,one-cold,0,baseline,0,4,1790160625.323,0.124,112333500.0,4.0,119.0,1.0,12.0,0.0,12.0,219452776.0,502068.0
vue,one-cold,0,candidate,1,0,1790160625.452,0.121,107914792.0,4.0,119.0,1.0,12.0,0.0,12.0,219520600.0,499899.0
vue,one-cold,0,candidate,1,1,1790160625.578,0.133,118616791.0,4.0,119.0,1.0,12.0,0.0,12.0,220977224.0,514529.0
vue,one-cold,0,candidate,1,2,1790160625.716,0.124,112374166.0,4.0,119.0,1.0,12.0,0.0,12.0,220295872.0,507580.0
vue,one-cold,0,candidate,1,3,1790160625.846,0.124,111202584.0,4.0,119.0,1.0,12.0,0.0,12.0,219950120.0,506557.0
vue,one-cold,0,candidate,1,4,1790160625.974,0.121,108493291.0,4.0,119.0,1.0,12.0,0.0,12.0,219305512.0,500682.0
vue,one-cold,0,candidate,2,0,1790160626.1,0.137,124305334.0,4.0,119.0,1.0,12.0,0.0,12.0,219791696.0,504276.0
vue,one-cold,0,candidate,2,1,1790160626.242,0.119,107439959.0,4.0,119.0,1.0,12.0,0.0,12.0,220231640.0,507866.0
vue,one-cold,0,candidate,2,2,1790160626.366,0.128,116246709.0,4.0,119.0,1.0,12.0,0.0,12.0,219263104.0,496811.0
vue,one-cold,0,candidate,2,3,1790160626.499,0.142,128742416.0,4.0,119.0,1.0,12.0,0.0,12.0,219680680.0,503004.0
vue,one-cold,0,candidate,2,4,1790160626.646,0.139,126748459.0,4.0,119.0,1.0,12.0,0.0,12.0,219334920.0,498536.0
vue,one-cold,0,baseline,3,0,1790160626.79,0.173,160522750.0,4.0,119.0,1.0,12.0,0.0,12.0,219232832.0,499597.0
vue,one-cold,0,baseline,3,1,1790160626.967,0.143,131666208.0,4.0,119.0,1.0,12.0,0.0,12.0,220090264.0,506540.0
vue,one-cold,0,baseline,3,2,1790160627.115,0.13,116722000.0,4.0,119.0,1.0,12.0,0.0,12.0,220036640.0,506307.0
vue,one-cold,0,baseline,3,3,1790160627.25,0.121,108973750.0,4.0,119.0,1.0,12.0,0.0,12.0,219884328.0,505923.0
vue,one-cold,0,baseline,3,4,1790160627.376,0.125,113688542.0,4.0,119.0,1.0,12.0,0.0,12.0,219754776.0,502692.0
vue,ten-cold,0,baseline,0,0,1790160627.506,0.226,212432542.0,4.0,1443.0,44.0,12.0,0.0,12.0,321048656.0,1804783.0
vue,ten-cold,0,baseline,0,1,1790160627.736,0.218,205670333.0,4.0,1443.0,44.0,12.0,0.0,12.0,321494272.0,1806048.0
vue,ten-cold,0,baseline,0,2,1790160627.959,0.242,228948750.0,4.0,1443.0,44.0,12.0,0.0,12.0,326762480.0,1808160.0
vue,ten-cold,0,baseline,0,3,1790160628.207,0.23,216496750.0,4.0,1443.0,44.0,12.0,0.0,12.0,321475736.0,1806233.0
vue,ten-cold,0,baseline,0,4,1790160628.441,0.216,203354126.0,4.0,1443.0,44.0,12.0,0.0,12.0,320864888.0,1806957.0
vue,ten-cold,0,candidate,1,0,1790160628.663,0.21,197629000.0,4.0,1443.0,44.0,12.0,0.0,12.0,323023880.0,1793973.0
vue,ten-cold,0,candidate,1,1,1790160628.877,0.211,199226459.0,4.0,1443.0,44.0,12.0,0.0,12.0,322355960.0,1786663.0
vue,ten-cold,0,candidate,1,2,1790160629.094,0.212,199250916.0,4.0,1443.0,44.0,12.0,0.0,12.0,323313480.0,1796871.0
vue,ten-cold,0,candidate,1,3,1790160629.311,0.225,212299875.0,4.0,1443.0,44.0,12.0,0.0,12.0,322855088.0,1789672.0
vue,ten-cold,0,candidate,1,4,1790160629.54,0.223,211367375.0,4.0,1443.0,44.0,12.0,0.0,12.0,322427456.0,1787099.0
vue,ten-cold,0,candidate,2,0,1790160629.768,0.244,229647458.0,4.0,1443.0,44.0,12.0,0.0,12.0,322743312.0,1788719.0
vue,ten-cold,0,candidate,2,1,1790160630.017,0.206,193149125.0,4.0,1443.0,44.0,12.0,0.0,12.0,323193880.0,1796695.0
vue,ten-cold,0,candidate,2,2,1790160630.228,0.204,190901333.0,4.0,1443.0,44.0,12.0,0.0,12.0,323305896.0,1794969.0
vue,ten-cold,0,candidate,2,3,1790160630.437,0.226,214283584.0,4.0,1443.0,44.0,12.0,0.0,12.0,322726856.0,1790690.0
vue,ten-cold,0,candidate,2,4,1790160630.669,0.236,224077542.0,4.0,1443.0,44.0,12.0,0.0,12.0,322572184.0,1788192.0
vue,ten-cold,0,baseline,3,0,1790160630.911,0.247,233368042.0,4.0,1443.0,44.0,12.0,0.0,12.0,328360288.0,1822219.0
vue,ten-cold,0,baseline,3,1,1790160631.162,0.237,222647083.0,4.0,1443.0,44.0,12.0,0.0,12.0,321036952.0,1805344.0
vue,ten-cold,0,baseline,3,2,1790160631.405,0.248,236246459.0,4.0,1443.0,44.0,12.0,0.0,12.0,321783488.0,1808828.0
vue,ten-cold,0,baseline,3,3,1790160631.658,0.235,221689209.0,4.0,1443.0,44.0,12.0,0.0,12.0,321451776.0,1809325.0
vue,ten-cold,0,baseline,3,4,1790160631.897,0.23,216521500.0,4.0,1443.0,44.0,12.0,0.0,12.0,322231296.0,1818404.0
vue,one-warm,0,baseline,0,0,1790160632.133,0.737,7239333.0,4.0,119.0,1.0,12.0,0.0,12.0,1545552.0,16794.0
vue,one-warm,0,baseline,0,1,1790160632.875,0.739,6501000.0,4.0,119.0,1.0,12.0,0.0,12.0,1434360.0,16779.0
vue,one-warm,0,baseline,0,2,1790160633.619,0.754,6267750.0,4.0,119.0,1.0,12.0,0.0,12.0,1489840.0,16789.0
vue,one-warm,0,baseline,0,3,1790160634.378,0.724,6839625.0,4.0,119.0,1.0,12.0,0.0,12.0,1471680.0,16786.0
vue,one-warm,0,baseline,0,4,1790160635.108,0.74,6561958.0,4.0,119.0,1.0,12.0,0.0,12.0,1580544.0,16792.0
vue,one-warm,0,candidate,1,0,1790160635.852,0.736,3713625.0,4.0,119.0,1.0,12.0,0.0,12.0,845632.0,12236.0
vue,one-warm,0,candidate,1,1,1790160636.593,0.731,3362500.0,4.0,119.0,1.0,12.0,0.0,12.0,920680.0,12252.0
vue,one-warm,0,candidate,1,2,1790160637.33,0.747,3294500.0,4.0,119.0,1.0,12.0,0.0,12.0,848664.0,12246.0
vue,one-warm,0,candidate,1,3,1790160638.081,0.745,3829042.0,4.0,119.0,1.0,12.0,0.0,12.0,883288.0,12245.0
vue,one-warm,0,candidate,1,4,1790160638.831,0.734,3554500.0,4.0,119.0,1.0,12.0,0.0,12.0,920216.0,12249.0
vue,one-warm,0,candidate,2,0,1790160639.57,0.751,3603167.0,4.0,119.0,1.0,12.0,0.0,12.0,883432.0,12246.0
vue,one-warm,0,candidate,2,1,1790160640.327,0.722,3665625.0,4.0,119.0,1.0,12.0,0.0,12.0,882792.0,12242.0
vue,one-warm,0,candidate,2,2,1790160641.054,0.726,3889083.0,4.0,119.0,1.0,12.0,0.0,12.0,845472.0,12235.0
vue,one-warm,0,candidate,2,3,1790160641.786,0.729,3919709.0,4.0,119.0,1.0,12.0,0.0,12.0,883448.0,12246.0
vue,one-warm,0,candidate,2,4,1790160642.52,0.738,3355625.0,4.0,119.0,1.0,12.0,0.0,12.0,846824.0,12244.0
vue,one-warm,0,baseline,3,0,1790160643.263,0.759,6713292.0,4.0,119.0,1.0,12.0,0.0,12.0,1637232.0,16803.0
vue,one-warm,0,baseline,3,1,1790160644.028,0.734,7022042.0,4.0,119.0,1.0,12.0,0.0,12.0,1509968.0,16789.0
vue,one-warm,0,baseline,3,2,1790160644.767,0.731,5413084.0,4.0,119.0,1.0,12.0,0.0,12.0,1509264.0,16794.0
vue,one-warm,0,baseline,3,3,1790160645.504,0.728,6731957.0,4.0,119.0,1.0,12.0,0.0,12.0,1508608.0,16790.0
vue,one-warm,0,baseline,3,4,1790160646.237,0.716,7180834.0,4.0,119.0,1.0,12.0,0.0,12.0,1434200.0,16778.0
vue,ten-warm,0,baseline,0,0,1790160646.959,0.857,105569333.0,4.0,1443.0,44.0,12.0,0.0,12.0,52175464.0,1080329.0
vue,ten-warm,0,baseline,0,1,1790160647.821,0.777,38515416.0,4.0,1443.0,44.0,12.0,0.0,12.0,30837392.0,552738.0
vue,ten-warm,0,baseline,0,2,1790160648.604,0.95,108218125.0,4.0,1443.0,44.0,12.0,0.0,12.0,51766248.0,1082007.0
vue,ten-warm,0,baseline,0,3,1790160649.559,0.927,108676500.0,4.0,1443.0,44.0,12.0,0.0,12.0,51679336.0,1082315.0
vue,ten-warm,0,baseline,0,4,1790160650.49,0.92,105695833.0,4.0,1443.0,44.0,12.0,0.0,12.0,46264392.0,947596.0
vue,ten-warm,0,candidate,1,0,1790160651.415,0.792,25103416.0,4.0,1443.0,44.0,12.0,0.0,12.0,16375520.0,347092.0
vue,ten-warm,0,candidate,1,1,1790160652.213,0.819,24739499.0,4.0,1443.0,44.0,12.0,0.0,12.0,16319016.0,347094.0
vue,ten-warm,0,candidate,1,2,1790160653.037,0.858,30549500.0,4.0,1443.0,44.0,12.0,0.0,12.0,16273504.0,346750.0
vue,ten-warm,0,candidate,1,3,1790160653.901,0.761,23923083.0,4.0,1443.0,44.0,12.0,0.0,12.0,16246368.0,347075.0
vue,ten-warm,0,candidate,1,4,1790160654.667,0.764,23371542.0,4.0,1443.0,44.0,12.0,0.0,12.0,16414080.0,347171.0
vue,ten-warm,0,candidate,2,0,1790160655.436,0.745,24434375.0,4.0,1443.0,44.0,12.0,0.0,12.0,16208176.0,347059.0
vue,ten-warm,0,candidate,2,1,1790160656.186,0.769,22915041.0,4.0,1443.0,44.0,12.0,0.0,12.0,16376464.0,347044.0
vue,ten-warm,0,candidate,2,2,1790160656.96,0.763,23878374.0,4.0,1443.0,44.0,12.0,0.0,12.0,16358920.0,347107.0
vue,ten-warm,0,candidate,2,3,1790160657.729,0.781,24604750.0,4.0,1443.0,44.0,12.0,0.0,12.0,16433056.0,347151.0
vue,ten-warm,0,candidate,2,4,1790160658.515,0.788,24335751.0,4.0,1443.0,44.0,12.0,0.0,12.0,16384040.0,346862.0
vue,ten-warm,0,baseline,3,0,1790160659.308,0.942,101834499.0,4.0,1443.0,44.0,12.0,0.0,12.0,52288472.0,1081093.0
vue,ten-warm,0,baseline,3,1,1790160660.256,0.842,106902541.0,4.0,1443.0,44.0,12.0,0.0,12.0,51121464.0,1074053.0
vue,ten-warm,0,baseline,3,2,1790160661.103,0.841,100774417.0,4.0,1443.0,44.0,12.0,0.0,12.0,46038424.0,949794.0
vue,ten-warm,0,baseline,3,3,1790160661.95,0.834,122944917.0,4.0,1443.0,44.0,12.0,0.0,12.0,52165688.0,1078837.0
vue,ten-warm,0,baseline,3,4,1790160662.788,0.858,104701334.0,4.0,1443.0,44.0,12.0,0.0,12.0,52527752.0,1083484.0
vscode,full-check,1,baseline,0,0,1790160663.652,34.647,34511649417.0,4.0,144862.0,4366.0,1.0,363.0,1.0,6402051424.0,43942516.0
vscode,full-check,1,baseline,0,1,1790160698.304,36.612,36515218209.0,4.0,144862.0,4366.0,1.0,363.0,1.0,6401560824.0,43943648.0
vscode,full-check,1,baseline,0,2,1790160734.922,33.797,33707522333.0,4.0,144862.0,4366.0,1.0,363.0,1.0,6402833928.0,43943661.0
vscode,full-check,1,baseline,0,3,1790160854.819,35.132,35040892333.0,4.0,144862.0,4366.0,1.0,363.0,1.0,6400835984.0,43942721.0
vscode,full-check,1,baseline,0,4,1790160889.956,31.74,31652619542.0,4.0,144862.0,4366.0,1.0,363.0,1.0,6401817248.0,43943372.0
vscode,full-check,1,candidate,1,0,1790160986.592,27.386,27312546792.0,4.0,144873.0,4366.0,1.0,363.0,1.0,5339268720.0,37951058.0
vscode,full-check,1,candidate,1,1,1790161013.985,25.315,25237769792.0,4.0,144873.0,4366.0,1.0,363.0,1.0,5339090136.0,37951156.0
vscode,full-check,1,candidate,1,2,1790161039.305,24.835,24765041208.0,4.0,144873.0,4366.0,1.0,363.0,1.0,5340157440.0,37952508.0
vscode,full-check,1,candidate,1,3,1790161064.146,24.264,24204307417.0,4.0,144873.0,4366.0,1.0,363.0,1.0,5338518624.0,37950544.0
vscode,full-check,1,candidate,1,4,1790161088.414,24.836,24761348042.0,4.0,144873.0,4366.0,1.0,363.0,1.0,5337386392.0,37949654.0
vscode,full-check,1,candidate,2,0,1790161113.256,27.208,27131878542.0,4.0,144873.0,4366.0,1.0,363.0,1.0,5339146432.0,37950625.0
vscode,full-check,1,candidate,2,1,1790161140.469,24.64,24568262751.0,4.0,144873.0,4366.0,1.0,363.0,1.0,5337491928.0,37948810.0
vscode,full-check,1,candidate,2,2,1790161300.689,27.136,27062824376.0,4.0,144873.0,4366.0,1.0,363.0,1.0,5339004040.0,37950950.0
vscode,full-check,1,candidate,2,3,1790161327.831,26.575,26502061999.0,4.0,144873.0,4366.0,1.0,363.0,1.0,5338473440.0,37950102.0
vscode,full-check,1,candidate,2,4,1790161354.411,23.804,23731436042.0,4.0,144873.0,4366.0,1.0,363.0,1.0,5338193976.0,37949268.0
vscode,full-check,1,baseline,3,0,1790161378.22,30.264,30179496375.0,4.0,144862.0,4366.0,1.0,363.0,1.0,6400260968.0,43941750.0
vscode,full-check,1,baseline,3,1,1790161408.49,31.907,31812007625.0,4.0,144862.0,4366.0,1.0,363.0,1.0,6400079624.0,43940072.0
vscode,full-check,1,baseline,3,2,1790161440.402,31.974,31880945250.0,4.0,144862.0,4366.0,1.0,363.0,1.0,6402064000.0,43943207.0
vscode,full-check,1,baseline,3,3,1790161472.38,32.737,32647954792.0,4.0,144862.0,4366.0,1.0,363.0,1.0,6400688560.0,43939611.0
vscode,full-check,1,baseline,3,4,1790161505.122,34.304,34200606083.0,4.0,144862.0,4366.0,1.0,363.0,1.0,6402389400.0,43942943.0
vscode,one-cold,1,baseline,0,0,1790161539.432,2.841,2815204584.0,4.0,63.0,1.0,1.0,0.0,1.0,1451656648.0,3664636.0
vscode,one-cold,1,baseline,0,1,1790161542.278,2.927,2899111542.0,4.0,63.0,1.0,1.0,0.0,1.0,1453318080.0,3667628.0
vscode,one-cold,1,baseline,0,2,1790161545.21,2.805,2775037584.0,4.0,63.0,1.0,1.0,0.0,1.0,1453397008.0,3668125.0
vscode,one-cold,1,baseline,0,3,1790161548.02,2.654,2624804334.0,4.0,63.0,1.0,1.0,0.0,1.0,1454202032.0,3668865.0
vscode,one-cold,1,baseline,0,4,1790161550.68,2.736,2708896041.0,4.0,63.0,1.0,1.0,0.0,1.0,1452890704.0,3666937.0
vscode,one-cold,1,candidate,1,0,1790161553.421,2.964,2933221834.0,4.0,63.0,1.0,1.0,0.0,1.0,1453548160.0,3668067.0
vscode,one-cold,1,candidate,1,1,1790161556.39,2.744,2717504500.0,4.0,63.0,1.0,1.0,0.0,1.0,1451600304.0,3664236.0
vscode,one-cold,1,candidate,1,2,1790161559.14,3.031,3004024291.0,4.0,63.0,1.0,1.0,0.0,1.0,1453346936.0,3667423.0
vscode,one-cold,1,candidate,1,3,1790161562.175,2.888,2855424041.0,4.0,63.0,1.0,1.0,0.0,1.0,1453544992.0,3667789.0
vscode,one-cold,1,candidate,1,4,1790161565.068,3.116,3087299417.0,4.0,63.0,1.0,1.0,0.0,1.0,1451812888.0,3664673.0
vscode,one-cold,1,candidate,2,0,1790161568.189,2.753,2724822667.0,4.0,63.0,1.0,1.0,0.0,1.0,1453261088.0,3667582.0
vscode,one-cold,1,candidate,2,1,1790161570.948,3.084,3058157250.0,4.0,63.0,1.0,1.0,0.0,1.0,1453296544.0,3667753.0
vscode,one-cold,1,candidate,2,2,1790161574.037,3.004,2955335999.0,4.0,63.0,1.0,1.0,0.0,1.0,1453050608.0,3667404.0
vscode,one-cold,1,candidate,2,3,1790161577.046,2.852,2821505083.0,4.0,63.0,1.0,1.0,0.0,1.0,1453372504.0,3667755.0
vscode,one-cold,1,candidate,2,4,1790161579.902,2.665,2642202542.0,4.0,63.0,1.0,1.0,0.0,1.0,1453757432.0,3667929.0
vscode,one-cold,1,baseline,3,0,1790161582.572,2.607,2584983459.0,4.0,63.0,1.0,1.0,0.0,1.0,1453207080.0,3667627.0
vscode,one-cold,1,baseline,3,1,1790161585.184,2.754,2732423876.0,4.0,63.0,1.0,1.0,0.0,1.0,1452981640.0,3666563.0
vscode,one-cold,1,baseline,3,2,1790161587.943,2.746,2725500584.0,4.0,63.0,1.0,1.0,0.0,1.0,1453266880.0,3667680.0
vscode,one-cold,1,baseline,3,3,1790161590.694,2.652,2629346167.0,4.0,63.0,1.0,1.0,0.0,1.0,1452919536.0,3666638.0
vscode,one-cold,1,baseline,3,4,1790161593.35,2.512,2491022709.0,4.0,63.0,1.0,1.0,0.0,1.0,1453107824.0,3667702.0
vscode,ten-cold,1,baseline,0,0,1790161595.868,4.113,4083386333.0,4.0,13431.0,437.0,1.0,0.0,1.0,1892093192.0,7356595.0
vscode,ten-cold,1,baseline,0,1,1790161599.986,4.419,4391977000.0,4.0,13431.0,437.0,1.0,0.0,1.0,1893304096.0,7358365.0
vscode,ten-cold,1,baseline,0,2,1790161675.486,5.137,5084472459.0,4.0,13431.0,437.0,1.0,0.0,1.0,1892757144.0,7357993.0
vscode,ten-cold,1,baseline,0,3,1790161680.628,5.071,5043023625.0,4.0,13431.0,437.0,1.0,0.0,1.0,1892936944.0,7358277.0
vscode,ten-cold,1,baseline,0,4,1790161685.704,4.897,4862191291.0,4.0,13431.0,437.0,1.0,0.0,1.0,1893414984.0,7358848.0
vscode,ten-cold,1,candidate,1,0,1790161690.606,5.664,5627447834.0,4.0,13429.0,437.0,1.0,0.0,1.0,2036640648.0,8295934.0
vscode,ten-cold,1,candidate,1,1,1790161696.275,5.426,5390365458.0,4.0,13429.0,437.0,1.0,0.0,1.0,2037329312.0,8296633.0
vscode,ten-cold,1,candidate,1,2,1790161701.706,5.428,5394299750.0,4.0,13429.0,437.0,1.0,0.0,1.0,2036531184.0,8295847.0
vscode,ten-cold,1,candidate,1,3,1790161707.139,5.613,5577571124.0,4.0,13429.0,437.0,1.0,0.0,1.0,2037286072.0,8296528.0
vscode,ten-cold,1,candidate,1,4,1790161712.757,5.37,5333463333.0,4.0,13429.0,437.0,1.0,0.0,1.0,2035510560.0,8293891.0
vscode,ten-cold,1,candidate,2,0,1790161718.133,5.561,5524295083.0,4.0,13429.0,437.0,1.0,0.0,1.0,2036547352.0,8294858.0
vscode,ten-cold,1,candidate,2,1,1790161723.7,5.578,5546819542.0,4.0,13429.0,437.0,1.0,0.0,1.0,2036715832.0,8295470.0
vscode,ten-cold,1,candidate,2,2,1790161729.284,5.067,5031396792.0,4.0,13429.0,437.0,1.0,0.0,1.0,2036431240.0,8295002.0
vscode,ten-cold,1,candidate,2,3,1790161734.356,5.662,5627853958.0,4.0,13429.0,437.0,1.0,0.0,1.0,2035440000.0,8293261.0
vscode,ten-cold,1,candidate,2,4,1790161740.023,5.101,5066955500.0,4.0,13429.0,437.0,1.0,0.0,1.0,2036387272.0,8295404.0
vscode,ten-cold,1,baseline,3,0,1790161745.13,4.653,4620478292.0,4.0,13431.0,437.0,1.0,0.0,1.0,1893252064.0,7358594.0
vscode,ten-cold,1,baseline,3,1,1790161749.789,4.955,4923792375.0,4.0,13431.0,437.0,1.0,0.0,1.0,1893482680.0,7358650.0
vscode,ten-cold,1,baseline,3,2,1790161754.748,4.765,4735504917.0,4.0,13431.0,437.0,1.0,0.0,1.0,1893305200.0,7358682.0
vscode,ten-cold,1,baseline,3,3,1790161759.519,4.698,4667584375.0,4.0,13431.0,437.0,1.0,0.0,1.0,1893972000.0,7360118.0
vscode,ten-cold,1,baseline,3,4,1790161764.221,5.026,4996392875.0,4.0,13431.0,437.0,1.0,0.0,1.0,1893582328.0,7358544.0
vscode,one-warm,1,baseline,0,0,1790161769.253,15.366,3337458.0,4.0,63.0,1.0,1.0,0.0,1.0,914704.0,9104.0
vscode,one-warm,1,baseline,0,1,1790161784.625,15.4,3376417.0,4.0,63.0,1.0,1.0,0.0,1.0,1006160.0,9113.0
vscode,one-warm,1,baseline,0,2,1790161800.029,15.786,3510333.0,4.0,63.0,1.0,1.0,0.0,1.0,1071248.0,9121.0
vscode,one-warm,1,baseline,0,3,1790161815.82,15.957,3701500.0,4.0,63.0,1.0,1.0,0.0,1.0,942640.0,9108.0
vscode,one-warm,1,baseline,0,4,1790161831.783,15.109,3339042.0,4.0,63.0,1.0,1.0,0.0,1.0,1024368.0,9111.0
vscode,one-warm,1,candidate,1,0,1790161846.897,15.206,2495041.0,4.0,63.0,1.0,1.0,0.0,1.0,653288.0,7161.0
vscode,one-warm,1,candidate,1,1,1790161862.109,15.108,2454416.0,4.0,63.0,1.0,1.0,0.0,1.0,615240.0,7152.0
vscode,one-warm,1,candidate,1,2,1790161877.222,16.647,4037374.0,4.0,63.0,1.0,1.0,0.0,1.0,653800.0,7165.0
vscode,one-warm,1,candidate,1,3,1790161893.874,14.809,3085250.0,4.0,63.0,1.0,1.0,0.0,1.0,579912.0,7156.0
vscode,one-warm,1,candidate,1,4,1790161908.688,15.44,2217166.0,4.0,63.0,1.0,1.0,0.0,1.0,579592.0,7154.0
vscode,one-warm,1,candidate,2,0,1790161924.134,15.415,2442875.0,4.0,63.0,1.0,1.0,0.0,1.0,579016.0,7151.0
vscode,one-warm,1,candidate,2,1,1790161939.554,16.407,2540917.0,4.0,63.0,1.0,1.0,0.0,1.0,616712.0,7160.0
vscode,one-warm,1,candidate,2,2,1790161955.967,16.77,2749501.0,4.0,63.0,1.0,1.0,0.0,1.0,616712.0,7160.0
vscode,one-warm,1,candidate,2,3,1790161972.742,17.114,2520334.0,4.0,63.0,1.0,1.0,0.0,1.0,580104.0,7158.0
vscode,one-warm,1,candidate,2,4,1790161989.861,14.985,3519001.0,4.0,63.0,1.0,1.0,0.0,1.0,653480.0,7164.0
vscode,one-warm,1,baseline,3,0,1790162004.852,14.517,2938667.0,4.0,63.0,1.0,1.0,0.0,1.0,785616.0,9088.0
vscode,one-warm,1,baseline,3,1,1790162019.374,15.533,3139584.0,4.0,63.0,1.0,1.0,0.0,1.0,823056.0,9096.0
vscode,one-warm,1,baseline,3,2,1790162034.912,13.713,3290249.0,4.0,63.0,1.0,1.0,0.0,1.0,886224.0,9098.0
vscode,one-warm,1,baseline,3,3,1790162048.63,14.665,3199542.0,4.0,63.0,1.0,1.0,0.0,1.0,942128.0,9105.0
vscode,one-warm,1,baseline,3,4,1790162063.3,16.024,4449291.0,4.0,63.0,1.0,1.0,0.0,1.0,959632.0,9104.0
vscode,ten-warm,1,baseline,0,0,1790162079.33,16.714,1389374959.0,4.0,13429.0,437.0,1.0,0.0,1.0,249224144.0,2885475.0
vscode,ten-warm,1,baseline,0,1,1790162096.05,16.662,1312781374.0,4.0,13429.0,437.0,1.0,0.0,1.0,248984208.0,2885441.0
vscode,ten-warm,1,baseline,0,2,1790162112.717,17.531,2456121542.0,4.0,13429.0,437.0,1.0,0.0,1.0,249125936.0,2885450.0
vscode,ten-warm,1,baseline,0,3,1790162130.253,17.607,2439302417.0,4.0,13429.0,437.0,1.0,0.0,1.0,249193360.0,2885456.0
vscode,ten-warm,1,baseline,0,4,1790162147.865,17.01,1345604916.0,4.0,13429.0,437.0,1.0,0.0,1.0,248947408.0,2885440.0
vscode,ten-warm,1,candidate,1,0,1790162164.881,16.366,788306792.0,4.0,13430.0,437.0,1.0,0.0,1.0,133214408.0,2171048.0
vscode,ten-warm,1,candidate,1,1,1790162181.253,16.258,1488110750.0,4.0,13430.0,437.0,1.0,0.0,1.0,133995720.0,2171105.0
vscode,ten-warm,1,candidate,1,2,1790162197.516,16.097,822663583.0,4.0,13430.0,437.0,1.0,0.0,1.0,132961640.0,2171015.0
vscode,ten-warm,1,candidate,1,3,1790162213.618,16.005,1432995583.0,4.0,13430.0,437.0,1.0,0.0,1.0,133537256.0,2171064.0
vscode,ten-warm,1,candidate,1,4,1790162229.629,17.809,1451101459.0,4.0,13430.0,437.0,1.0,0.0,1.0,133378856.0,2171065.0
vscode,ten-warm,1,candidate,2,0,1790162247.443,16.779,1506926876.0,4.0,13430.0,437.0,1.0,0.0,1.0,133308680.0,2171046.0
vscode,ten-warm,1,candidate,2,1,1790162264.227,18.988,1930580291.0,4.0,13430.0,437.0,1.0,0.0,1.0,133339240.0,2171051.0
vscode,ten-warm,1,candidate,2,2,1790162283.22,19.069,842728126.0,4.0,13430.0,437.0,1.0,0.0,1.0,133251400.0,2171032.0
vscode,ten-warm,1,candidate,2,3,1790162302.294,16.138,838581958.0,4.0,13430.0,437.0,1.0,0.0,1.0,133137320.0,2171032.0
vscode,ten-warm,1,candidate,2,4,1790162318.437,18.852,1822209084.0,4.0,13430.0,437.0,1.0,0.0,1.0,132881128.0,2171010.0
vscode,ten-warm,1,baseline,3,0,1790162337.295,17.197,1357810666.0,4.0,13429.0,437.0,1.0,0.0,1.0,249520176.0,2885482.0
vscode,ten-warm,1,baseline,3,1,1790162354.497,16.753,2086616834.0,4.0,13429.0,437.0,1.0,0.0,1.0,248752440.0,2885422.0
vscode,ten-warm,1,baseline,3,2,1790162371.255,18.993,2550873333.0,4.0,13429.0,437.0,1.0,0.0,1.0,249049872.0,2885437.0
vscode,ten-warm,1,baseline,3,3,1790162390.254,17.078,1367823167.0,4.0,13429.0,437.0,1.0,0.0,1.0,249415568.0,2885482.0
vscode,ten-warm,1,baseline,3,4,1790162407.337,17.556,1356866459.0,4.0,13429.0,437.0,1.0,0.0,1.0,249423408.0,2885484.0
typescript,full-lint,1,baseline,0,0,1790162424.899,9.481,9459048416.0,4.0,53389.0,600.0,1.0,0.0,1.0,1768316544.0,12418552.0
typescript,full-lint,1,baseline,0,1,1790162766.412,9.445,9420675584.0,4.0,53389.0,600.0,1.0,0.0,1.0,1769213040.0,12418657.0
typescript,full-lint,1,baseline,0,2,1790162775.862,9.738,9701461500.0,4.0,53389.0,600.0,1.0,0.0,1.0,1768305016.0,12418551.0
typescript,full-lint,1,baseline,0,3,1790163792.143,7.819,7802488667.0,4.0,53389.0,600.0,1.0,0.0,1.0,1768379552.0,12418547.0
typescript,full-lint,1,baseline,0,4,1790163799.967,7.799,7781740875.0,4.0,53389.0,600.0,1.0,0.0,1.0,1768275184.0,12418516.0
typescript,full-lint,1,candidate,1,0,1790163807.771,7.95,7930413583.0,4.0,53389.0,600.0,1.0,0.0,1.0,1977489624.0,13481603.0
typescript,full-lint,1,candidate,1,1,1790163815.726,7.922,7902789833.0,4.0,53389.0,600.0,1.0,0.0,1.0,1978248344.0,13481696.0
typescript,full-lint,1,candidate,1,2,1790163823.654,8.136,8115501291.0,4.0,53389.0,600.0,1.0,0.0,1.0,1978351768.0,13481713.0
typescript,full-lint,1,candidate,1,3,1790163831.794,8.103,8084171625.0,4.0,53389.0,600.0,1.0,0.0,1.0,1977253048.0,13481623.0
typescript,full-lint,1,candidate,1,4,1790163839.902,8.071,8051145457.0,4.0,53389.0,600.0,1.0,0.0,1.0,1977706896.0,13481702.0
typescript,full-lint,1,candidate,2,0,1790163847.978,8.04,8020621750.0,4.0,53389.0,600.0,1.0,0.0,1.0,1978040112.0,13481674.0
typescript,full-lint,1,candidate,2,1,1790163856.023,8.364,8344401083.0,4.0,53389.0,600.0,1.0,0.0,1.0,1978464152.0,13481757.0
typescript,full-lint,1,candidate,2,2,1790163864.391,8.381,8359694833.0,4.0,53389.0,600.0,1.0,0.0,1.0,1978627112.0,13481769.0
typescript,full-lint,1,candidate,2,3,1790163872.777,8.115,8095987457.0,4.0,53389.0,600.0,1.0,0.0,1.0,1978020664.0,13481631.0
typescript,full-lint,1,candidate,2,4,1790163880.897,7.924,7903736292.0,4.0,53389.0,600.0,1.0,0.0,1.0,1977824632.0,13481699.0
typescript,full-lint,1,baseline,3,0,1790163888.826,7.793,7776110751.0,4.0,53389.0,600.0,1.0,0.0,1.0,1768248704.0,12418545.0
typescript,full-lint,1,baseline,3,1,1790163896.624,7.788,7771175416.0,4.0,53389.0,600.0,1.0,0.0,1.0,1768913760.0,12418607.0
typescript,full-lint,1,baseline,3,2,1790163904.417,7.919,7901211500.0,4.0,53389.0,600.0,1.0,0.0,1.0,1768033760.0,12418524.0
typescript,full-lint,1,baseline,3,3,1790163912.341,7.733,7715908042.0,4.0,53389.0,600.0,1.0,0.0,1.0,1768973912.0,12418676.0
typescript,full-lint,1,baseline,3,4,1790163920.08,7.789,7771201083.0,4.0,53389.0,600.0,1.0,0.0,1.0,1768763312.0,12418595.0
typescript,full-check,1,baseline,0,0,1790163927.874,10.259,10236425626.0,4.0,53388.0,600.0,1.0,178.0,1.0,2299748608.0,15355675.0
typescript,full-check,1,baseline,0,1,1790163938.138,10.164,10141621249.0,4.0,53388.0,600.0,1.0,178.0,1.0,2300039952.0,15355654.0
typescript,full-check,1,baseline,0,2,1790163948.307,10.163,10140972834.0,4.0,53388.0,600.0,1.0,178.0,1.0,2299671232.0,15355666.0
typescript,full-check,1,baseline,0,3,1790163958.475,10.215,10192361626.0,4.0,53388.0,600.0,1.0,178.0,1.0,2299090800.0,15355591.0
typescript,full-check,1,baseline,0,4,1790163968.695,10.352,10328598541.0,4.0,53388.0,600.0,1.0,178.0,1.0,2300438016.0,15355714.0
typescript,full-check,1,candidate,1,0,1790163979.051,8.907,8886352292.0,4.0,53388.0,600.0,1.0,178.0,1.0,2062774704.0,13881595.0
typescript,full-check,1,candidate,1,1,1790163987.964,8.928,8907627291.0,4.0,53388.0,600.0,1.0,178.0,1.0,2064224680.0,13881714.0
typescript,full-check,1,candidate,1,2,1790163996.897,8.938,8917723001.0,4.0,53388.0,600.0,1.0,178.0,1.0,2063351496.0,13881672.0
typescript,full-check,1,candidate,1,3,1790164005.84,8.989,8968718626.0,4.0,53388.0,600.0,1.0,178.0,1.0,2063664264.0,13881672.0
typescript,full-check,1,candidate,1,4,1790164014.835,9.123,9101665292.0,4.0,53388.0,600.0,1.0,178.0,1.0,2063136368.0,13881567.0
typescript,full-check,1,candidate,2,0,1790164023.963,8.998,8976838042.0,4.0,53388.0,600.0,1.0,178.0,1.0,2063889432.0,13881694.0
typescript,full-check,1,candidate,2,1,1790164032.965,8.89,8868022333.0,4.0,53388.0,600.0,1.0,178.0,1.0,2064244392.0,13881713.0
typescript,full-check,1,candidate,2,2,1790164041.86,8.989,8968161292.0,4.0,53388.0,600.0,1.0,178.0,1.0,2063924008.0,13881728.0
typescript,full-check,1,candidate,2,3,1790164050.854,9.158,9135015416.0,4.0,53388.0,600.0,1.0,178.0,1.0,2063112408.0,13881623.0
typescript,full-check,1,candidate,2,4,1790164060.017,8.992,8971139292.0,4.0,53388.0,600.0,1.0,178.0,1.0,2063548192.0,13881709.0
typescript,full-check,1,baseline,3,0,1790164069.014,10.154,10131393416.0,4.0,53388.0,600.0,1.0,178.0,1.0,2299905184.0,15355667.0
typescript,full-check,1,baseline,3,1,1790164079.173,10.201,10178473041.0,4.0,53388.0,600.0,1.0,178.0,1.0,2299886736.0,15355764.0
typescript,full-check,1,baseline,3,2,1790164089.38,10.153,10130979458.0,4.0,53388.0,600.0,1.0,178.0,1.0,2299682736.0,15355651.0
typescript,full-check,1,baseline,3,3,1790164099.538,10.183,10160428459.0,4.0,53388.0,600.0,1.0,178.0,1.0,2300049832.0,15355579.0
typescript,full-check,1,baseline,3,4,1790164109.726,10.166,10143670374.0,4.0,53388.0,600.0,1.0,178.0,1.0,2299694672.0,15355692.0
typescript,one-cold,1,baseline,0,0,1790164119.897,0.591,580209666.0,4.0,49.0,1.0,1.0,0.0,1.0,398584192.0,760786.0
typescript,one-cold,1,baseline,0,1,1790164120.493,0.586,575085958.0,4.0,49.0,1.0,1.0,0.0,1.0,398947352.0,760870.0
typescript,one-cold,1,baseline,0,2,1790164121.084,0.577,567213458.0,4.0,49.0,1.0,1.0,0.0,1.0,398648104.0,760860.0
typescript,one-cold,1,baseline,0,3,1790164121.666,0.584,572993583.0,4.0,49.0,1.0,1.0,0.0,1.0,398781928.0,760824.0
typescript,one-cold,1,baseline,0,4,1790164122.254,0.572,561993917.0,4.0,49.0,1.0,1.0,0.0,1.0,398868216.0,760865.0
typescript,one-cold,1,candidate,1,0,1790164122.832,0.574,564140124.0,4.0,49.0,1.0,1.0,0.0,1.0,398702632.0,760848.0
typescript,one-cold,1,candidate,1,1,1790164123.411,0.565,554592542.0,4.0,49.0,1.0,1.0,0.0,1.0,398760424.0,760862.0
typescript,one-cold,1,candidate,1,2,1790164123.981,0.572,561400167.0,4.0,49.0,1.0,1.0,0.0,1.0,398668856.0,760907.0
typescript,one-cold,1,candidate,1,3,1790164124.558,0.584,573080417.0,4.0,49.0,1.0,1.0,0.0,1.0,398644424.0,760837.0
typescript,one-cold,1,candidate,1,4,1790164125.147,0.569,558649459.0,4.0,49.0,1.0,1.0,0.0,1.0,398706856.0,760876.0
typescript,one-cold,1,candidate,2,0,1790164125.721,0.582,571402875.0,4.0,49.0,1.0,1.0,0.0,1.0,398922440.0,760871.0
typescript,one-cold,1,candidate,2,1,1790164126.308,0.577,566000834.0,4.0,49.0,1.0,1.0,0.0,1.0,398869208.0,760861.0
typescript,one-cold,1,candidate,2,2,1790164126.889,0.582,571920459.0,4.0,49.0,1.0,1.0,0.0,1.0,398704216.0,760855.0
typescript,one-cold,1,candidate,2,3,1790164127.477,0.585,574124792.0,4.0,49.0,1.0,1.0,0.0,1.0,398514864.0,760860.0
typescript,one-cold,1,candidate,2,4,1790164128.067,0.582,571569666.0,4.0,49.0,1.0,1.0,0.0,1.0,398863768.0,760841.0
typescript,one-cold,1,baseline,3,0,1790164128.654,0.599,587941250.0,4.0,49.0,1.0,1.0,0.0,1.0,398445776.0,760766.0
typescript,one-cold,1,baseline,3,1,1790164129.257,0.574,563307917.0,4.0,49.0,1.0,1.0,0.0,1.0,398586704.0,760801.0
typescript,one-cold,1,baseline,3,2,1790164129.836,0.583,572991417.0,4.0,49.0,1.0,1.0,0.0,1.0,398591872.0,760778.0
typescript,one-cold,1,baseline,3,3,1790164130.425,0.595,584221251.0,4.0,49.0,1.0,1.0,0.0,1.0,398917640.0,760837.0
typescript,one-cold,1,baseline,3,4,1790164131.024,0.587,576751375.0,4.0,49.0,1.0,1.0,0.0,1.0,398796696.0,760916.0
typescript,ten-cold,1,baseline,0,0,1790164131.617,1.849,1836880459.0,4.0,7261.0,60.0,1.0,0.0,1.0,676348376.0,2877975.0
typescript,ten-cold,1,baseline,0,1,1790164133.472,1.836,1822553292.0,4.0,7261.0,60.0,1.0,0.0,1.0,676564184.0,2878019.0
typescript,ten-cold,1,baseline,0,2,1790164135.313,1.845,1832800374.0,4.0,7261.0,60.0,1.0,0.0,1.0,676496976.0,2877999.0
typescript,ten-cold,1,baseline,0,3,1790164137.163,1.841,1828417959.0,4.0,7261.0,60.0,1.0,0.0,1.0,676353360.0,2877998.0
typescript,ten-cold,1,baseline,0,4,1790164139.009,1.85,1837815667.0,4.0,7261.0,60.0,1.0,0.0,1.0,676197000.0,2878037.0
typescript,ten-cold,1,candidate,1,0,1790164140.865,1.978,1964595666.0,4.0,7261.0,60.0,1.0,0.0,1.0,749603232.0,3209384.0
typescript,ten-cold,1,candidate,1,1,1790164142.848,1.959,1945757625.0,4.0,7261.0,60.0,1.0,0.0,1.0,750177688.0,3209469.0
typescript,ten-cold,1,candidate,1,2,1790164144.812,1.993,1980023709.0,4.0,7261.0,60.0,1.0,0.0,1.0,750177080.0,3209459.0
typescript,ten-cold,1,candidate,1,3,1790164146.81,1.981,1968242334.0,4.0,7261.0,60.0,1.0,0.0,1.0,749795544.0,3209467.0
typescript,ten-cold,1,candidate,1,4,1790164148.797,1.98,1966380125.0,4.0,7261.0,60.0,1.0,0.0,1.0,750596360.0,3209545.0
typescript,ten-cold,1,candidate,2,0,1790164150.782,1.957,1943493666.0,4.0,7261.0,60.0,1.0,0.0,1.0,750385568.0,3209527.0
typescript,ten-cold,1,candidate,2,1,1790164152.744,1.97,1957501208.0,4.0,7261.0,60.0,1.0,0.0,1.0,749415864.0,3209446.0
typescript,ten-cold,1,candidate,2,2,1790164154.719,1.969,1955736624.0,4.0,7261.0,60.0,1.0,0.0,1.0,750181784.0,3209444.0
typescript,ten-cold,1,candidate,2,3,1790164156.693,1.971,1958090375.0,4.0,7261.0,60.0,1.0,0.0,1.0,749912496.0,3209415.0
typescript,ten-cold,1,candidate,2,4,1790164158.669,1.96,1946389083.0,4.0,7261.0,60.0,1.0,0.0,1.0,749861376.0,3209466.0
typescript,ten-cold,1,baseline,3,0,1790164160.635,1.843,1830413166.0,4.0,7261.0,60.0,1.0,0.0,1.0,676602656.0,2877996.0
typescript,ten-cold,1,baseline,3,1,1790164162.483,1.837,1824703959.0,4.0,7261.0,60.0,1.0,0.0,1.0,676109056.0,2877996.0
typescript,ten-cold,1,baseline,3,2,1790164164.325,1.835,1822556874.0,4.0,7261.0,60.0,1.0,0.0,1.0,676850400.0,2878074.0
typescript,ten-cold,1,baseline,3,3,1790164166.165,1.841,1828697417.0,4.0,7261.0,60.0,1.0,0.0,1.0,676271248.0,2878051.0
typescript,ten-cold,1,baseline,3,4,1790164168.012,1.847,1834249500.0,4.0,7261.0,60.0,1.0,0.0,1.0,676846248.0,2878132.0
typescript,one-warm,1,baseline,0,0,1790164169.865,3.749,8598999.0,4.0,49.0,1.0,1.0,0.0,1.0,1773960.0,13565.0
typescript,one-warm,1,baseline,0,1,1790164173.619,3.644,5255208.0,4.0,49.0,1.0,1.0,0.0,1.0,1544200.0,13543.0
typescript,one-warm,1,baseline,0,2,1790164177.268,3.655,5596583.0,4.0,49.0,1.0,1.0,0.0,1.0,1581256.0,13547.0
typescript,one-warm,1,baseline,0,3,1790164180.929,3.676,6082709.0,4.0,49.0,1.0,1.0,0.0,1.0,1616776.0,13543.0
typescript,one-warm,1,baseline,0,4,1790164184.61,3.74,6014043.0,4.0,49.0,1.0,1.0,0.0,1.0,1580968.0,13546.0
typescript,one-warm,1,candidate,1,0,1790164188.356,3.709,3831958.0,4.0,49.0,1.0,1.0,0.0,1.0,1287408.0,12848.0
typescript,one-warm,1,candidate,1,1,1790164192.07,3.768,4991626.0,4.0,49.0,1.0,1.0,0.0,1.0,1288368.0,12854.0
typescript,one-warm,1,candidate,1,2,1790164195.844,3.774,5113375.0,4.0,49.0,1.0,1.0,0.0,1.0,1286608.0,12843.0
typescript,one-warm,1,candidate,1,3,1790164199.623,3.765,3850208.0,4.0,49.0,1.0,1.0,0.0,1.0,1287248.0,12847.0
typescript,one-warm,1,candidate,1,4,1790164203.394,3.765,5394750.0,4.0,49.0,1.0,1.0,0.0,1.0,1286960.0,12846.0
typescript,one-warm,1,candidate,2,0,1790164207.164,3.656,3961417.0,4.0,49.0,1.0,1.0,0.0,1.0,1287248.0,12847.0
typescript,one-warm,1,candidate,2,1,1790164210.825,3.624,4928001.0,4.0,49.0,1.0,1.0,0.0,1.0,1286928.0,12845.0
typescript,one-warm,1,candidate,2,2,1790164214.454,3.704,5800083.0,4.0,49.0,1.0,1.0,0.0,1.0,1288080.0,12853.0
typescript,one-warm,1,candidate,2,3,1790164218.163,3.638,5627250.0,4.0,49.0,1.0,1.0,0.0,1.0,1287920.0,12852.0
typescript,one-warm,1,candidate,2,4,1790164221.806,3.61,4309292.0,4.0,49.0,1.0,1.0,0.0,1.0,1287888.0,12851.0
typescript,one-warm,1,baseline,3,0,1790164225.422,3.712,5522084.0,4.0,49.0,1.0,1.0,0.0,1.0,1654504.0,13552.0
typescript,one-warm,1,baseline,3,1,1790164229.139,3.718,6364750.0,4.0,49.0,1.0,1.0,0.0,1.0,1655304.0,13557.0
typescript,one-warm,1,baseline,3,2,1790164232.862,3.695,6383916.0,4.0,49.0,1.0,1.0,0.0,1.0,1617896.0,13550.0
typescript,one-warm,1,baseline,3,3,1790164236.563,3.72,8547999.0,4.0,49.0,1.0,1.0,0.0,1.0,1765480.0,13566.0
typescript,one-warm,1,baseline,3,4,1790164240.288,3.719,8278499.0,4.0,49.0,1.0,1.0,0.0,1.0,1618696.0,13555.0
typescript,ten-warm,1,baseline,0,0,1790164244.014,4.794,1125735541.0,4.0,7261.0,60.0,1.0,0.0,1.0,216475328.0,1786318.0
typescript,ten-warm,1,baseline,0,1,1790164248.813,4.716,971516249.0,4.0,7261.0,60.0,1.0,0.0,1.0,216972752.0,1786370.0
typescript,ten-warm,1,baseline,0,2,1790164253.535,4.639,971816875.0,4.0,7261.0,60.0,1.0,0.0,1.0,216808064.0,1786359.0
typescript,ten-warm,1,baseline,0,3,1790164258.179,4.718,972081584.0,4.0,7261.0,60.0,1.0,0.0,1.0,216651040.0,1786340.0
typescript,ten-warm,1,baseline,0,4,1790164262.902,4.723,978835667.0,4.0,7261.0,60.0,1.0,0.0,1.0,216743264.0,1786349.0
typescript,ten-warm,1,candidate,1,0,1790164267.631,4.631,878407834.0,4.0,7261.0,60.0,1.0,0.0,1.0,177173120.0,1541851.0
typescript,ten-warm,1,candidate,1,1,1790164272.267,4.498,847434333.0,4.0,7261.0,60.0,1.0,0.0,1.0,177750928.0,1541906.0
typescript,ten-warm,1,candidate,1,2,1790164276.77,4.477,850432125.0,4.0,7261.0,60.0,1.0,0.0,1.0,177478704.0,1541889.0
typescript,ten-warm,1,candidate,1,3,1790164281.252,4.536,844544124.0,4.0,7261.0,60.0,1.0,0.0,1.0,177817456.0,1541919.0
typescript,ten-warm,1,candidate,1,4,1790164285.794,4.445,846739876.0,4.0,7261.0,60.0,1.0,0.0,1.0,176795536.0,1541814.0
typescript,ten-warm,1,candidate,2,0,1790164290.244,4.453,850790291.0,4.0,7261.0,60.0,1.0,0.0,1.0,177137008.0,1541853.0
typescript,ten-warm,1,candidate,2,1,1790164294.703,4.605,846801792.0,4.0,7261.0,60.0,1.0,0.0,1.0,177788512.0,1541915.0
typescript,ten-warm,1,candidate,2,2,1790164299.313,4.599,840866584.0,4.0,7261.0,60.0,1.0,0.0,1.0,177420944.0,1541873.0
typescript,ten-warm,1,candidate,2,3,1790164303.918,4.605,882063791.0,4.0,7261.0,60.0,1.0,0.0,1.0,177947808.0,1541935.0
typescript,ten-warm,1,candidate,2,4,1790164308.528,4.58,844096792.0,4.0,7261.0,60.0,1.0,0.0,1.0,177404208.0,1541881.0
typescript,ten-warm,1,baseline,3,0,1790164313.113,4.722,974135917.0,4.0,7261.0,60.0,1.0,0.0,1.0,216521728.0,1786326.0
typescript,ten-warm,1,baseline,3,1,1790164317.84,4.67,974946792.0,4.0,7261.0,60.0,1.0,0.0,1.0,217138688.0,1786390.0
typescript,ten-warm,1,baseline,3,2,1790164322.516,4.691,975700832.0,4.0,7261.0,60.0,1.0,0.0,1.0,216336416.0,1786304.0
typescript,ten-warm,1,baseline,3,3,1790164327.213,4.764,1005115875.0,4.0,7261.0,60.0,1.0,0.0,1.0,216688128.0,1786344.0
typescript,ten-warm,1,baseline,3,4,1790164331.982,4.757,993671542.0,4.0,7261.0,60.0,1.0,0.0,1.0,216899104.0,1786362.0
typeorm,full-lint,1,baseline,0,0,1790164336.745,3.073,3037165500.0,4.0,27525.0,3172.0,1.0,0.0,1.0,927902384.0,8297515.0
typeorm,full-lint,1,baseline,0,1,1790164339.823,3.133,3118036250.0,4.0,27525.0,3172.0,1.0,0.0,1.0,928056120.0,8297690.0
typeorm,full-lint,1,baseline,0,2,1790164342.962,2.952,2938054291.0,4.0,27525.0,3172.0,1.0,0.0,1.0,927896912.0,8297693.0
typeorm,full-lint,1,baseline,0,3,1790164345.919,2.925,2911478667.0,4.0,27525.0,3172.0,1.0,0.0,1.0,927980872.0,8297677.0
typeorm,full-lint,1,baseline,0,4,1790164348.85,3.059,3043965041.0,4.0,27525.0,3172.0,1.0,0.0,1.0,927858104.0,8297260.0
typeorm,full-lint,1,candidate,1,0,1790164351.914,3.053,3038158874.0,4.0,27525.0,3172.0,1.0,0.0,1.0,986180112.0,8629772.0
typeorm,full-lint,1,candidate,1,1,1790164354.972,3.023,3008926001.0,4.0,27525.0,3172.0,1.0,0.0,1.0,985789504.0,8629149.0
typeorm,full-lint,1,candidate,1,2,1790164358.001,3.161,3145535542.0,4.0,27525.0,3172.0,1.0,0.0,1.0,986087504.0,8629760.0
typeorm,full-lint,1,candidate,1,3,1790164361.167,3.245,3229555625.0,4.0,27525.0,3172.0,1.0,0.0,1.0,986137216.0,8629622.0
typeorm,full-lint,1,candidate,1,4,1790164364.417,3.031,3016926750.0,4.0,27525.0,3172.0,1.0,0.0,1.0,986140152.0,8629803.0
typeorm,full-lint,1,candidate,2,0,1790164367.454,3.002,2987636583.0,4.0,27525.0,3172.0,1.0,0.0,1.0,986253048.0,8629786.0
typeorm,full-lint,1,candidate,2,1,1790164370.462,3.212,3196700250.0,4.0,27525.0,3172.0,1.0,0.0,1.0,986097312.0,8629668.0
typeorm,full-lint,1,candidate,2,2,1790164373.679,3.051,3035411542.0,4.0,27525.0,3172.0,1.0,0.0,1.0,986172376.0,8629757.0
typeorm,full-lint,1,candidate,2,3,1790164376.735,3.06,3045570709.0,4.0,27525.0,3172.0,1.0,0.0,1.0,986116448.0,8629747.0
typeorm,full-lint,1,candidate,2,4,1790164379.801,3.193,3178329750.0,4.0,27525.0,3172.0,1.0,0.0,1.0,986266632.0,8629696.0
typeorm,full-lint,1,baseline,3,0,1790164382.999,2.905,2891263791.0,4.0,27525.0,3172.0,1.0,0.0,1.0,928079384.0,8297670.0
typeorm,full-lint,1,baseline,3,1,1790164385.91,2.942,2927776500.0,4.0,27525.0,3172.0,1.0,0.0,1.0,927892344.0,8297572.0
typeorm,full-lint,1,baseline,3,2,1790164388.858,2.905,2890518625.0,4.0,27525.0,3172.0,1.0,0.0,1.0,928121800.0,8297712.0
typeorm,full-lint,1,baseline,3,3,1790164391.768,3.053,3038193375.0,4.0,27525.0,3172.0,1.0,0.0,1.0,927859704.0,8297705.0
typeorm,full-lint,1,baseline,3,4,1790164394.826,2.897,2882692957.0,4.0,27525.0,3172.0,1.0,0.0,1.0,927943784.0,8297672.0
typeorm,full-check,1,baseline,0,0,1790164397.729,4.026,3992837500.0,4.0,27525.0,3172.0,1.0,1.0,1.0,1224380312.0,10096697.0
typeorm,full-check,1,baseline,0,1,1790164401.761,4.171,4155113833.0,4.0,27525.0,3172.0,1.0,1.0,1.0,1224851648.0,10096919.0
typeorm,full-check,1,baseline,0,2,1790164405.937,3.935,3918388750.0,4.0,27525.0,3172.0,1.0,1.0,1.0,1224273232.0,10096782.0
typeorm,full-check,1,baseline,0,3,1790164409.878,4.091,4074612333.0,4.0,27525.0,3172.0,1.0,1.0,1.0,1224990776.0,10096895.0
typeorm,full-check,1,baseline,0,4,1790164413.975,4.053,4036306291.0,4.0,27525.0,3172.0,1.0,1.0,1.0,1225032840.0,10096887.0
typeorm,full-check,1,candidate,1,0,1790164418.033,3.392,3376952209.0,4.0,27526.0,3172.0,1.0,1.0,1.0,1038484432.0,8969416.0
typeorm,full-check,1,candidate,1,1,1790164421.431,3.288,3272671209.0,4.0,27526.0,3172.0,1.0,1.0,1.0,1038335720.0,8969434.0
typeorm,full-check,1,candidate,1,2,1790164424.724,3.297,3282530042.0,4.0,27526.0,3172.0,1.0,1.0,1.0,1038292816.0,8969426.0
typeorm,full-check,1,candidate,1,3,1790164428.027,3.383,3367979874.0,4.0,27526.0,3172.0,1.0,1.0,1.0,1038348744.0,8969292.0
typeorm,full-check,1,candidate,1,4,1790164431.416,3.373,3357817083.0,4.0,27526.0,3172.0,1.0,1.0,1.0,1038256856.0,8969541.0
typeorm,full-check,1,candidate,2,0,1790164434.794,3.3,3284860917.0,4.0,27526.0,3172.0,1.0,1.0,1.0,1038559432.0,8969401.0
typeorm,full-check,1,candidate,2,1,1790164438.099,3.388,3372682959.0,4.0,27526.0,3172.0,1.0,1.0,1.0,1038734776.0,8969372.0
typeorm,full-check,1,candidate,2,2,1790164441.492,3.255,3239768707.0,4.0,27526.0,3172.0,1.0,1.0,1.0,1038395848.0,8969318.0
typeorm,full-check,1,candidate,2,3,1790164444.753,3.422,3407005542.0,4.0,27526.0,3172.0,1.0,1.0,1.0,1038661768.0,8969452.0
typeorm,full-check,1,candidate,2,4,1790164448.18,3.261,3245628917.0,4.0,27526.0,3172.0,1.0,1.0,1.0,1038701368.0,8969481.0
typeorm,full-check,1,baseline,3,0,1790164451.446,4.043,4025825625.0,4.0,27525.0,3172.0,1.0,1.0,1.0,1225256584.0,10096856.0
typeorm,full-check,1,baseline,3,1,1790164455.495,4.019,4002726416.0,4.0,27525.0,3172.0,1.0,1.0,1.0,1224963304.0,10096862.0
typeorm,full-check,1,baseline,3,2,1790164459.519,4.012,3995401375.0,4.0,27525.0,3172.0,1.0,1.0,1.0,1224901416.0,10096808.0
typeorm,full-check,1,baseline,3,3,1790164463.537,4.134,4117219959.0,4.0,27525.0,3172.0,1.0,1.0,1.0,1224710272.0,10096714.0
typeorm,full-check,1,baseline,3,4,1790164467.677,4.014,3997574292.0,4.0,27525.0,3172.0,1.0,1.0,1.0,1224534120.0,10096813.0
typeorm,one-cold,1,baseline,0,0,1790164471.697,0.689,679293792.0,4.0,0.0,1.0,1.0,0.0,1.0,314266152.0,1386632.0
typeorm,one-cold,1,baseline,0,1,1790164472.391,0.644,633926125.0,4.0,0.0,1.0,1.0,0.0,1.0,313831384.0,1385863.0
typeorm,one-cold,1,baseline,0,2,1790164473.04,0.64,630305542.0,4.0,0.0,1.0,1.0,0.0,1.0,314285904.0,1386855.0
typeorm,one-cold,1,baseline,0,3,1790164473.686,0.63,620390750.0,4.0,0.0,1.0,1.0,0.0,1.0,314232400.0,1386823.0
typeorm,one-cold,1,baseline,0,4,1790164474.321,0.651,640973875.0,4.0,0.0,1.0,1.0,0.0,1.0,314333960.0,1386883.0
typeorm,one-cold,1,candidate,1,0,1790164474.977,0.663,652798083.0,4.0,0.0,1.0,1.0,0.0,1.0,314337176.0,1386678.0
typeorm,one-cold,1,candidate,1,1,1790164475.646,0.631,621188500.0,4.0,0.0,1.0,1.0,0.0,1.0,314324728.0,1386944.0
typeorm,one-cold,1,candidate,1,2,1790164476.282,0.642,632518167.0,4.0,0.0,1.0,1.0,0.0,1.0,314381672.0,1386710.0
typeorm,one-cold,1,candidate,1,3,1790164476.93,0.646,636876542.0,4.0,0.0,1.0,1.0,0.0,1.0,314231800.0,1386693.0
typeorm,one-cold,1,candidate,1,4,1790164477.582,0.646,636836416.0,4.0,0.0,1.0,1.0,0.0,1.0,314233264.0,1386680.0
typeorm,one-cold,1,candidate,2,0,1790164478.234,0.634,624389083.0,4.0,0.0,1.0,1.0,0.0,1.0,314237088.0,1386938.0
typeorm,one-cold,1,candidate,2,1,1790164478.874,0.633,624118624.0,4.0,0.0,1.0,1.0,0.0,1.0,314280208.0,1386872.0
typeorm,one-cold,1,candidate,2,2,1790164479.513,0.636,627073167.0,4.0,0.0,1.0,1.0,0.0,1.0,314340328.0,1386799.0
typeorm,one-cold,1,candidate,2,3,1790164480.155,0.662,652301208.0,4.0,0.0,1.0,1.0,0.0,1.0,314286448.0,1386848.0
typeorm,one-cold,1,candidate,2,4,1790164480.822,0.636,626822125.0,4.0,0.0,1.0,1.0,0.0,1.0,314258240.0,1386733.0
typeorm,one-cold,1,baseline,3,0,1790164481.464,0.644,634712833.0,4.0,0.0,1.0,1.0,0.0,1.0,314243416.0,1386728.0
typeorm,one-cold,1,baseline,3,1,1790164482.114,0.629,618934583.0,4.0,0.0,1.0,1.0,0.0,1.0,314366872.0,1386867.0
typeorm,one-cold,1,baseline,3,2,1790164482.748,0.638,628090458.0,4.0,0.0,1.0,1.0,0.0,1.0,314294544.0,1386875.0
typeorm,one-cold,1,baseline,3,3,1790164483.391,0.65,640090916.0,4.0,0.0,1.0,1.0,0.0,1.0,314272448.0,1386730.0
typeorm,one-cold,1,baseline,3,4,1790164484.047,0.623,613816542.0,4.0,0.0,1.0,1.0,0.0,1.0,314280648.0,1386806.0
typeorm,ten-cold,1,baseline,0,0,1790164484.676,1.026,1002994708.0,4.0,3321.0,318.0,1.0,0.0,1.0,395585536.0,2218021.0
typeorm,ten-cold,1,baseline,0,1,1790164485.707,0.906,888528000.0,4.0,3321.0,318.0,1.0,0.0,1.0,395568448.0,2217973.0
typeorm,ten-cold,1,baseline,0,2,1790164486.618,1.031,1014240208.0,4.0,3321.0,318.0,1.0,0.0,1.0,395794448.0,2218134.0
typeorm,ten-cold,1,baseline,0,3,1790164487.655,0.947,935743834.0,4.0,3321.0,318.0,1.0,0.0,1.0,395102312.0,2217071.0
typeorm,ten-cold,1,baseline,0,4,1790164488.608,0.932,921811667.0,4.0,3321.0,318.0,1.0,0.0,1.0,395752664.0,2218124.0
typeorm,ten-cold,1,candidate,1,0,1790164489.545,1.04,1029191333.0,4.0,3321.0,318.0,1.0,0.0,1.0,410098496.0,2286686.0
typeorm,ten-cold,1,candidate,1,1,1790164490.591,0.988,977634916.0,4.0,3321.0,318.0,1.0,0.0,1.0,409949072.0,2286572.0
typeorm,ten-cold,1,candidate,1,2,1790164491.585,1.039,1028973500.0,4.0,3321.0,318.0,1.0,0.0,1.0,409893376.0,2286742.0
typeorm,ten-cold,1,candidate,1,3,1790164492.63,0.992,981196750.0,4.0,3321.0,318.0,1.0,0.0,1.0,410004328.0,2286911.0
typeorm,ten-cold,1,candidate,1,4,1790164493.627,0.894,883162250.0,4.0,3321.0,318.0,1.0,0.0,1.0,409393104.0,2286110.0
typeorm,ten-cold,1,candidate,2,0,1790164494.526,1.026,1015726834.0,4.0,3321.0,318.0,1.0,0.0,1.0,409926128.0,2286721.0
typeorm,ten-cold,1,candidate,2,1,1790164495.558,1.055,1044480708.0,4.0,3321.0,318.0,1.0,0.0,1.0,409977816.0,2286716.0
typeorm,ten-cold,1,candidate,2,2,1790164496.619,1.03,1019365708.0,4.0,3321.0,318.0,1.0,0.0,1.0,409936584.0,2286534.0
typeorm,ten-cold,1,candidate,2,3,1790164497.654,0.95,940160084.0,4.0,3321.0,318.0,1.0,0.0,1.0,410013992.0,2286713.0
typeorm,ten-cold,1,candidate,2,4,1790164498.61,0.909,889830250.0,4.0,3321.0,318.0,1.0,0.0,1.0,409972320.0,2286781.0
typeorm,ten-cold,1,baseline,3,0,1790164499.525,1.031,1020519792.0,4.0,3321.0,318.0,1.0,0.0,1.0,395619408.0,2218101.0
typeorm,ten-cold,1,baseline,3,1,1790164500.562,1.049,1038100501.0,4.0,3321.0,318.0,1.0,0.0,1.0,395686424.0,2218165.0
typeorm,ten-cold,1,baseline,3,2,1790164501.617,1.03,1019560333.0,4.0,3321.0,318.0,1.0,0.0,1.0,395826424.0,2218134.0
typeorm,ten-cold,1,baseline,3,3,1790164502.652,1.026,997658083.0,4.0,3321.0,318.0,1.0,0.0,1.0,395838320.0,2218179.0
typeorm,ten-cold,1,baseline,3,4,1790164503.684,0.926,915398584.0,4.0,3321.0,318.0,1.0,0.0,1.0,395906168.0,2218220.0
typeorm,one-warm,1,baseline,0,0,1790164504.616,1.991,340874.0,4.0,0.0,1.0,1.0,0.0,1.0,230000.0,1554.0
typeorm,one-warm,1,baseline,0,1,1790164506.613,1.957,381999.0,4.0,0.0,1.0,1.0,0.0,1.0,230160.0,1555.0
typeorm,one-warm,1,baseline,0,2,1790164508.576,1.926,388999.0,4.0,0.0,1.0,1.0,0.0,1.0,231120.0,1561.0
typeorm,one-warm,1,baseline,0,3,1790164510.508,2.034,343167.0,4.0,0.0,1.0,1.0,0.0,1.0,230960.0,1560.0
typeorm,one-warm,1,baseline,0,4,1790164512.548,1.895,266167.0,4.0,0.0,1.0,1.0,0.0,1.0,230608.0,1560.0
typeorm,one-warm,1,candidate,1,0,1790164514.449,1.874,362666.0,4.0,0.0,1.0,1.0,0.0,1.0,228400.0,1530.0
typeorm,one-warm,1,candidate,1,1,1790164516.329,1.882,242542.0,4.0,0.0,1.0,1.0,0.0,1.0,227256.0,1524.0
typeorm,one-warm,1,candidate,1,2,1790164518.216,1.966,337291.0,4.0,0.0,1.0,1.0,0.0,1.0,228728.0,1531.0
typeorm,one-warm,1,candidate,1,3,1790164520.189,2.037,387709.0,4.0,0.0,1.0,1.0,0.0,1.0,228728.0,1531.0
typeorm,one-warm,1,candidate,1,4,1790164522.231,1.971,358583.0,4.0,0.0,1.0,1.0,0.0,1.0,228568.0,1530.0
typeorm,one-warm,1,candidate,2,0,1790164524.208,1.976,339750.0,4.0,0.0,1.0,1.0,0.0,1.0,228728.0,1531.0
typeorm,one-warm,1,candidate,2,1,1790164526.19,2.01,361668.0,4.0,0.0,1.0,1.0,0.0,1.0,228568.0,1530.0
typeorm,one-warm,1,candidate,2,2,1790164528.205,2.038,390375.0,4.0,0.0,1.0,1.0,0.0,1.0,228888.0,1532.0
typeorm,one-warm,1,candidate,2,3,1790164530.25,2.006,364334.0,4.0,0.0,1.0,1.0,0.0,1.0,228568.0,1530.0
typeorm,one-warm,1,candidate,2,4,1790164532.262,1.934,341209.0,4.0,0.0,1.0,1.0,0.0,1.0,228568.0,1530.0
typeorm,one-warm,1,baseline,3,0,1790164534.202,2.025,370459.0,4.0,0.0,1.0,1.0,0.0,1.0,230320.0,1556.0
typeorm,one-warm,1,baseline,3,1,1790164536.233,2.007,371625.0,4.0,0.0,1.0,1.0,0.0,1.0,231120.0,1561.0
typeorm,one-warm,1,baseline,3,2,1790164538.245,2.036,365207.0,4.0,0.0,1.0,1.0,0.0,1.0,230960.0,1560.0
typeorm,one-warm,1,baseline,3,3,1790164540.287,2.066,348209.0,4.0,0.0,1.0,1.0,0.0,1.0,230480.0,1557.0
typeorm,one-warm,1,baseline,3,4,1790164542.359,2.055,364876.0,4.0,0.0,1.0,1.0,0.0,1.0,230672.0,1558.0
typeorm,ten-warm,1,baseline,0,0,1790164544.42,2.116,211429001.0,4.0,3321.0,318.0,1.0,0.0,1.0,56749376.0,711905.0
typeorm,ten-warm,1,baseline,0,1,1790164546.542,2.429,333323834.0,4.0,3321.0,318.0,1.0,0.0,1.0,56950840.0,711920.0
typeorm,ten-warm,1,baseline,0,2,1790164548.977,2.366,346979000.0,4.0,3321.0,318.0,1.0,0.0,1.0,56950456.0,711917.0
typeorm,ten-warm,1,baseline,0,3,1790164551.349,2.476,337490916.0,4.0,3321.0,318.0,1.0,0.0,1.0,57061688.0,711932.0
typeorm,ten-warm,1,baseline,0,4,1790164553.833,2.544,301133417.0,4.0,3321.0,318.0,1.0,0.0,1.0,57063192.0,711936.0
typeorm,ten-warm,1,candidate,1,0,1790164556.384,2.398,175913959.0,4.0,3322.0,318.0,1.0,0.0,1.0,37017520.0,573351.0
typeorm,ten-warm,1,candidate,1,1,1790164558.788,2.337,268749084.0,4.0,3322.0,318.0,1.0,0.0,1.0,37381696.0,573378.0
typeorm,ten-warm,1,candidate,1,2,1790164561.132,2.421,233027293.0,4.0,3322.0,318.0,1.0,0.0,1.0,37272000.0,573366.0
typeorm,ten-warm,1,candidate,1,3,1790164563.559,2.26,235194625.0,4.0,3322.0,318.0,1.0,0.0,1.0,37217728.0,573364.0
typeorm,ten-warm,1,candidate,1,4,1790164565.825,2.227,229942209.0,4.0,3322.0,318.0,1.0,0.0,1.0,37290144.0,573370.0
typeorm,ten-warm,1,candidate,2,0,1790164568.058,2.239,233896499.0,4.0,3322.0,318.0,1.0,0.0,1.0,37071776.0,573353.0
typeorm,ten-warm,1,candidate,2,1,1790164570.304,2.365,254347500.0,4.0,3322.0,318.0,1.0,0.0,1.0,37180512.0,573358.0
typeorm,ten-warm,1,candidate,2,2,1790164572.675,2.335,221824834.0,4.0,3322.0,318.0,1.0,0.0,1.0,36962656.0,573346.0
typeorm,ten-warm,1,candidate,2,3,1790164575.016,2.254,229650666.0,4.0,3322.0,318.0,1.0,0.0,1.0,37236352.0,573370.0
typeorm,ten-warm,1,candidate,2,4,1790164577.276,2.013,115243292.0,4.0,3322.0,318.0,1.0,0.0,1.0,37235456.0,573365.0
typeorm,ten-warm,1,baseline,3,0,1790164579.295,2.343,356567000.0,4.0,3321.0,318.0,1.0,0.0,1.0,56767128.0,711900.0
typeorm,ten-warm,1,baseline,3,1,1790164581.643,2.32,350918208.0,4.0,3321.0,318.0,1.0,0.0,1.0,56895896.0,711914.0
typeorm,ten-warm,1,baseline,3,2,1790164583.969,2.358,350245000.0,4.0,3321.0,318.0,1.0,0.0,1.0,56987096.0,711920.0
typeorm,ten-warm,1,baseline,3,3,1790164586.333,2.163,172141584.0,4.0,3321.0,318.0,1.0,0.0,1.0,56949560.0,711911.0
typeorm,ten-warm,1,baseline,3,4,1790164588.502,2.405,315475332.0,4.0,3321.0,318.0,1.0,0.0,1.0,56932920.0,711917.0
vue,full-lint,1,baseline,0,0,1790164590.914,2.873,2860362834.0,4.0,12295.0,432.0,1.0,0.0,1.0,814642776.0,7664951.0
vue,full-lint,1,baseline,0,1,1790164593.793,2.792,2779260000.0,4.0,12295.0,432.0,1.0,0.0,1.0,814952912.0,7664916.0
vue,full-lint,1,baseline,0,2,1790164596.591,2.874,2860888667.0,4.0,12295.0,432.0,1.0,0.0,1.0,814735320.0,7664962.0
vue,full-lint,1,baseline,0,3,1790164599.471,2.827,2813731834.0,4.0,12295.0,432.0,1.0,0.0,1.0,814800296.0,7664976.0
vue,full-lint,1,baseline,0,4,1790164602.304,2.812,2798778124.0,4.0,12295.0,432.0,1.0,0.0,1.0,814965248.0,7664929.0
vue,full-lint,1,candidate,1,0,1790164605.121,3.211,3197055833.0,4.0,12295.0,432.0,1.0,0.0,1.0,996140008.0,8368710.0
vue,full-lint,1,candidate,1,1,1790164608.338,3.189,3175522875.0,4.0,12295.0,432.0,1.0,0.0,1.0,996063464.0,8368633.0
vue,full-lint,1,candidate,1,2,1790164611.533,3.197,3183708875.0,4.0,12295.0,432.0,1.0,0.0,1.0,995881896.0,8368615.0
vue,full-lint,1,candidate,1,3,1790164614.736,3.209,3195570750.0,4.0,12295.0,432.0,1.0,0.0,1.0,996051496.0,8368654.0
vue,full-lint,1,candidate,1,4,1790164617.952,3.23,3216200082.0,4.0,12295.0,432.0,1.0,0.0,1.0,996138200.0,8368629.0
vue,full-lint,1,candidate,2,0,1790164621.188,3.228,3214038833.0,4.0,12295.0,432.0,1.0,0.0,1.0,996129976.0,8368644.0
vue,full-lint,1,candidate,2,1,1790164624.421,3.174,3160407208.0,4.0,12295.0,432.0,1.0,0.0,1.0,996078648.0,8368656.0
vue,full-lint,1,candidate,2,2,1790164627.602,3.152,3138582416.0,4.0,12295.0,432.0,1.0,0.0,1.0,996096200.0,8368690.0
vue,full-lint,1,candidate,2,3,1790164630.76,3.168,3154221374.0,4.0,12295.0,432.0,1.0,0.0,1.0,996217856.0,8368640.0
vue,full-lint,1,candidate,2,4,1790164633.933,3.175,3161394416.0,4.0,12295.0,432.0,1.0,0.0,1.0,996118608.0,8368630.0
vue,full-lint,1,baseline,3,0,1790164637.115,2.891,2877033500.0,4.0,12295.0,432.0,1.0,0.0,1.0,814789512.0,7664905.0
vue,full-lint,1,baseline,3,1,1790164640.011,2.862,2849132542.0,4.0,12295.0,432.0,1.0,0.0,1.0,814877016.0,7664930.0
vue,full-lint,1,baseline,3,2,1790164642.879,2.925,2912098500.0,4.0,12295.0,432.0,1.0,0.0,1.0,814799464.0,7664932.0
vue,full-lint,1,baseline,3,3,1790164645.81,2.804,2790722667.0,4.0,12295.0,432.0,1.0,0.0,1.0,815153352.0,7664970.0
vue,full-lint,1,baseline,3,4,1790164648.62,2.874,2860549876.0,4.0,12295.0,432.0,1.0,0.0,1.0,814638552.0,7664924.0
vue,full-check,1,baseline,0,0,1790164651.5,4.602,4585648126.0,4.0,12295.0,432.0,1.0,6.0,1.0,1294676768.0,11387159.0
vue,full-check,1,baseline,0,1,1790164656.108,4.495,4478467708.0,4.0,12295.0,432.0,1.0,6.0,1.0,1294731280.0,11387134.0
vue,full-check,1,baseline,0,2,1790164660.61,4.659,4641916626.0,4.0,12295.0,432.0,1.0,6.0,1.0,1294532816.0,11387047.0
vue,full-check,1,baseline,0,3,1790164665.274,4.348,4332050459.0,4.0,12295.0,432.0,1.0,6.0,1.0,1294167680.0,11387019.0
vue,full-check,1,baseline,0,4,1790164669.629,4.653,4636916666.0,4.0,12295.0,432.0,1.0,6.0,1.0,1294574656.0,11387052.0
vue,full-check,1,candidate,1,0,1790164674.288,3.386,3372042542.0,4.0,12295.0,432.0,1.0,6.0,1.0,1020067160.0,8533596.0
vue,full-check,1,candidate,1,1,1790164677.68,3.332,3317473500.0,4.0,12295.0,432.0,1.0,6.0,1.0,1020338016.0,8533571.0
vue,full-check,1,candidate,1,2,1790164681.018,3.385,3370668209.0,4.0,12295.0,432.0,1.0,6.0,1.0,1020133128.0,8533501.0
vue,full-check,1,candidate,1,3,1790164684.409,3.324,3309572875.0,4.0,12295.0,432.0,1.0,6.0,1.0,1020208080.0,8533527.0
vue,full-check,1,candidate,1,4,1790164687.739,3.319,3304470084.0,4.0,12295.0,432.0,1.0,6.0,1.0,1020174232.0,8533518.0
vue,full-check,1,candidate,2,0,1790164691.063,3.336,3321841041.0,4.0,12295.0,432.0,1.0,6.0,1.0,1020299000.0,8533601.0
vue,full-check,1,candidate,2,1,1790164694.405,3.31,3295960542.0,4.0,12295.0,432.0,1.0,6.0,1.0,1019689664.0,8533472.0
vue,full-check,1,candidate,2,2,1790164697.722,3.307,3292751709.0,4.0,12295.0,432.0,1.0,6.0,1.0,1020271216.0,8533531.0
vue,full-check,1,candidate,2,3,1790164701.035,3.459,3445098500.0,4.0,12295.0,432.0,1.0,6.0,1.0,1020237320.0,8533593.0
vue,full-check,1,candidate,2,4,1790164704.5,3.373,3359169250.0,4.0,12295.0,432.0,1.0,6.0,1.0,1020333528.0,8533583.0
vue,full-check,1,baseline,3,0,1790164707.879,4.619,4603023667.0,4.0,12295.0,432.0,1.0,6.0,1.0,1295282872.0,11387194.0
vue,full-check,1,baseline,3,1,1790164712.504,4.264,4248186125.0,4.0,12295.0,432.0,1.0,6.0,1.0,1294739584.0,11387142.0
vue,full-check,1,baseline,3,2,1790164716.774,4.521,4488513376.0,4.0,12295.0,432.0,1.0,6.0,1.0,1295447328.0,11387191.0
vue,full-check,1,baseline,3,3,1790164721.301,4.281,4265539541.0,4.0,12295.0,432.0,1.0,6.0,1.0,1295175120.0,11387161.0
vue,full-check,1,baseline,3,4,1790164725.588,4.464,4430241125.0,4.0,12295.0,432.0,1.0,6.0,1.0,1294939248.0,11387120.0
vue,one-cold,1,baseline,0,0,1790164730.059,0.387,372360917.0,4.0,119.0,1.0,1.0,0.0,1.0,218020664.0,492570.0
vue,one-cold,1,baseline,0,1,1790164730.452,0.358,349039416.0,4.0,119.0,1.0,1.0,0.0,1.0,217991944.0,492682.0
vue,one-cold,1,baseline,0,2,1790164730.817,0.385,376106708.0,4.0,119.0,1.0,1.0,0.0,1.0,218195040.0,492629.0
vue,one-cold,1,baseline,0,3,1790164731.208,0.42,411119001.0,4.0,119.0,1.0,1.0,0.0,1.0,218113192.0,492626.0
vue,one-cold,1,baseline,0,4,1790164731.634,0.394,374492083.0,4.0,119.0,1.0,1.0,0.0,1.0,218058016.0,492619.0
vue,one-cold,1,candidate,1,0,1790164732.034,0.346,337060083.0,4.0,119.0,1.0,1.0,0.0,1.0,218115824.0,492620.0
vue,one-cold,1,candidate,1,1,1790164732.387,0.39,381156168.0,4.0,119.0,1.0,1.0,0.0,1.0,218190992.0,492605.0
vue,one-cold,1,candidate,1,2,1790164732.783,0.388,379361167.0,4.0,119.0,1.0,1.0,0.0,1.0,218027576.0,492582.0
vue,one-cold,1,candidate,1,3,1790164733.177,0.388,378727042.0,4.0,119.0,1.0,1.0,0.0,1.0,218060744.0,492618.0
vue,one-cold,1,candidate,1,4,1790164733.571,0.347,338212459.0,4.0,119.0,1.0,1.0,0.0,1.0,218122976.0,492666.0
vue,one-cold,1,candidate,2,0,1790164733.924,0.406,387153708.0,4.0,119.0,1.0,1.0,0.0,1.0,218187880.0,492599.0
vue,one-cold,1,candidate,2,1,1790164734.336,0.385,376191001.0,4.0,119.0,1.0,1.0,0.0,1.0,218112944.0,492625.0
vue,one-cold,1,candidate,2,2,1790164734.728,0.347,337818625.0,4.0,119.0,1.0,1.0,0.0,1.0,218033568.0,492614.0
vue,one-cold,1,candidate,2,3,1790164735.081,0.381,372182209.0,4.0,119.0,1.0,1.0,0.0,1.0,218108312.0,492610.0
vue,one-cold,1,candidate,2,4,1790164735.468,0.361,344242542.0,4.0,119.0,1.0,1.0,0.0,1.0,218029824.0,492587.0
vue,one-cold,1,baseline,3,0,1790164735.835,0.4,390827999.0,4.0,119.0,1.0,1.0,0.0,1.0,218111336.0,492629.0
vue,one-cold,1,baseline,3,1,1790164736.241,0.395,385838958.0,4.0,119.0,1.0,1.0,0.0,1.0,218099728.0,492535.0
vue,one-cold,1,baseline,3,2,1790164736.642,0.36,350747791.0,4.0,119.0,1.0,1.0,0.0,1.0,218113320.0,492618.0
vue,one-cold,1,baseline,3,3,1790164737.008,0.385,376471625.0,4.0,119.0,1.0,1.0,0.0,1.0,218102760.0,492574.0
vue,one-cold,1,baseline,3,4,1790164737.4,0.386,376704625.0,4.0,119.0,1.0,1.0,0.0,1.0,218032784.0,492631.0
vue,ten-cold,1,baseline,0,0,1790164737.792,0.695,685733333.0,4.0,1443.0,44.0,1.0,0.0,1.0,297752592.0,1676032.0
vue,ten-cold,1,baseline,0,1,1790164738.494,0.711,700735876.0,4.0,1443.0,44.0,1.0,0.0,1.0,297603664.0,1676107.0
vue,ten-cold,1,baseline,0,2,1790164739.211,0.696,686814750.0,4.0,1443.0,44.0,1.0,0.0,1.0,297757424.0,1676168.0
vue,ten-cold,1,baseline,0,3,1790164739.913,0.697,687980499.0,4.0,1443.0,44.0,1.0,0.0,1.0,297660528.0,1676120.0
vue,ten-cold,1,baseline,0,4,1790164740.617,0.665,655136626.0,4.0,1443.0,44.0,1.0,0.0,1.0,297916784.0,1676193.0
vue,ten-cold,1,candidate,1,0,1790164741.288,0.744,734171876.0,4.0,1443.0,44.0,1.0,0.0,1.0,321010960.0,1781110.0
vue,ten-cold,1,candidate,1,1,1790164742.038,0.745,735100584.0,4.0,1443.0,44.0,1.0,0.0,1.0,320890192.0,1781098.0
vue,ten-cold,1,candidate,1,2,1790164742.789,0.753,743518167.0,4.0,1443.0,44.0,1.0,0.0,1.0,320854560.0,1781167.0
vue,ten-cold,1,candidate,1,3,1790164743.549,0.751,740968417.0,4.0,1443.0,44.0,1.0,0.0,1.0,320982456.0,1781135.0
vue,ten-cold,1,candidate,1,4,1790164744.306,0.743,733657041.0,4.0,1443.0,44.0,1.0,0.0,1.0,320855064.0,1781130.0
vue,ten-cold,1,candidate,2,0,1790164745.055,0.74,729955292.0,4.0,1443.0,44.0,1.0,0.0,1.0,320763328.0,1781112.0
vue,ten-cold,1,candidate,2,1,1790164745.801,0.722,712775416.0,4.0,1443.0,44.0,1.0,0.0,1.0,320820400.0,1781124.0
vue,ten-cold,1,candidate,2,2,1790164746.53,0.73,720192791.0,4.0,1443.0,44.0,1.0,0.0,1.0,320724800.0,1781045.0
vue,ten-cold,1,candidate,2,3,1790164747.266,0.705,695248250.0,4.0,1443.0,44.0,1.0,0.0,1.0,320983032.0,1781136.0
vue,ten-cold,1,candidate,2,4,1790164747.977,0.743,733031000.0,4.0,1443.0,44.0,1.0,0.0,1.0,320897136.0,1781147.0
vue,ten-cold,1,baseline,3,0,1790164748.726,0.657,646922666.0,4.0,1443.0,44.0,1.0,0.0,1.0,297692904.0,1676154.0
vue,ten-cold,1,baseline,3,1,1790164749.389,0.592,582075000.0,4.0,1443.0,44.0,1.0,0.0,1.0,297561088.0,1676131.0
vue,ten-cold,1,baseline,3,2,1790164749.988,0.639,629685583.0,4.0,1443.0,44.0,1.0,0.0,1.0,297668856.0,1676187.0
vue,ten-cold,1,baseline,3,3,1790164750.634,0.704,693826292.0,4.0,1443.0,44.0,1.0,0.0,1.0,297534016.0,1676120.0
vue,ten-cold,1,baseline,3,4,1790164751.344,0.694,684120749.0,4.0,1443.0,44.0,1.0,0.0,1.0,297662912.0,1676135.0
vue,one-warm,1,baseline,0,0,1790164752.044,2.608,7302917.0,4.0,119.0,1.0,1.0,0.0,1.0,1541664.0,16622.0
vue,one-warm,1,baseline,0,1,1790164754.659,2.464,7474042.0,4.0,119.0,1.0,1.0,0.0,1.0,1488992.0,16625.0
vue,one-warm,1,baseline,0,2,1790164757.129,2.623,7654457.0,4.0,119.0,1.0,1.0,0.0,1.0,1525440.0,16625.0
vue,one-warm,1,baseline,0,3,1790164759.758,2.601,7436000.0,4.0,119.0,1.0,1.0,0.0,1.0,1451584.0,16617.0
vue,one-warm,1,baseline,0,4,1790164762.365,2.551,7635125.0,4.0,119.0,1.0,1.0,0.0,1.0,1489632.0,16629.0
vue,one-warm,1,candidate,1,0,1790164764.922,2.652,4299292.0,4.0,119.0,1.0,1.0,0.0,1.0,826888.0,12076.0
vue,one-warm,1,candidate,1,1,1790164767.581,2.613,4561792.0,4.0,119.0,1.0,1.0,0.0,1.0,901384.0,12088.0
vue,one-warm,1,candidate,1,2,1790164770.2,2.664,4377874.0,4.0,119.0,1.0,1.0,0.0,1.0,826568.0,12074.0
vue,one-warm,1,candidate,1,3,1790164772.87,2.563,4386124.0,4.0,119.0,1.0,1.0,0.0,1.0,826248.0,12072.0
vue,one-warm,1,candidate,1,4,1790164775.439,2.609,4423458.0,4.0,119.0,1.0,1.0,0.0,1.0,826728.0,12075.0
vue,one-warm,1,candidate,2,0,1790164778.054,2.544,4347043.0,4.0,119.0,1.0,1.0,0.0,1.0,825928.0,12070.0
vue,one-warm,1,candidate,2,1,1790164780.604,2.67,4365541.0,4.0,119.0,1.0,1.0,0.0,1.0,826248.0,12072.0
vue,one-warm,1,candidate,2,2,1790164783.281,2.665,4403542.0,4.0,119.0,1.0,1.0,0.0,1.0,826088.0,12071.0
vue,one-warm,1,candidate,2,3,1790164785.952,2.557,4445167.0,4.0,119.0,1.0,1.0,0.0,1.0,826728.0,12075.0
vue,one-warm,1,candidate,2,4,1790164788.515,2.481,3141875.0,4.0,119.0,1.0,1.0,0.0,1.0,826248.0,12072.0
vue,one-warm,1,baseline,3,0,1790164791.002,2.621,5289209.0,4.0,119.0,1.0,1.0,0.0,1.0,1562048.0,16627.0
vue,one-warm,1,baseline,3,1,1790164793.63,2.647,7752374.0,4.0,119.0,1.0,1.0,0.0,1.0,1607456.0,16630.0
vue,one-warm,1,baseline,3,2,1790164796.284,2.612,7391542.0,4.0,119.0,1.0,1.0,0.0,1.0,1579872.0,16628.0
vue,one-warm,1,baseline,3,3,1790164798.902,2.572,7475583.0,4.0,119.0,1.0,1.0,0.0,1.0,1562688.0,16631.0
vue,one-warm,1,baseline,3,4,1790164801.481,2.648,7513083.0,4.0,119.0,1.0,1.0,0.0,1.0,1571968.0,16635.0
vue,ten-warm,1,baseline,0,0,1790164804.136,2.737,235643249.0,4.0,1443.0,44.0,1.0,0.0,1.0,29295640.0,542433.0
vue,ten-warm,1,baseline,0,1,1790164806.88,2.883,209374708.0,4.0,1443.0,44.0,1.0,0.0,1.0,29305848.0,542435.0
vue,ten-warm,1,baseline,0,2,1790164809.769,2.731,214457625.0,4.0,1443.0,44.0,1.0,0.0,1.0,29131544.0,542419.0
vue,ten-warm,1,baseline,0,3,1790164812.507,2.793,117289791.0,4.0,1443.0,44.0,1.0,0.0,1.0,29169272.0,542427.0
vue,ten-warm,1,baseline,0,4,1790164815.306,2.584,118029000.0,4.0,1443.0,44.0,1.0,0.0,1.0,29041816.0,542414.0
vue,ten-warm,1,candidate,1,0,1790164817.896,2.693,115817500.0,4.0,1443.0,44.0,1.0,0.0,1.0,15967360.0,346266.0
vue,ten-warm,1,candidate,1,1,1790164820.596,2.675,64243875.0,4.0,1443.0,44.0,1.0,0.0,1.0,15875360.0,346255.0
vue,ten-warm,1,candidate,1,2,1790164823.278,2.534,64452667.0,4.0,1443.0,44.0,1.0,0.0,1.0,15894624.0,346259.0
vue,ten-warm,1,candidate,1,3,1790164825.818,2.72,118903917.0,4.0,1443.0,44.0,1.0,0.0,1.0,16059648.0,346273.0
vue,ten-warm,1,candidate,1,4,1790164828.544,2.682,64291667.0,4.0,1443.0,44.0,1.0,0.0,1.0,15875680.0,346257.0
vue,ten-warm,1,candidate,2,0,1790164831.233,2.564,64807250.0,4.0,1443.0,44.0,1.0,0.0,1.0,15931392.0,346262.0
vue,ten-warm,1,candidate,2,1,1790164833.804,2.751,118189541.0,4.0,1443.0,44.0,1.0,0.0,1.0,15931232.0,346261.0
vue,ten-warm,1,candidate,2,2,1790164836.561,2.792,97727333.0,4.0,1443.0,44.0,1.0,0.0,1.0,15894464.0,346258.0
vue,ten-warm,1,candidate,2,3,1790164839.359,2.812,109877084.0,4.0,1443.0,44.0,1.0,0.0,1.0,15784160.0,346249.0
vue,ten-warm,1,candidate,2,4,1790164842.178,2.624,131522291.0,4.0,1443.0,44.0,1.0,0.0,1.0,15930912.0,346260.0
vue,ten-warm,1,baseline,3,0,1790164844.809,2.849,159497959.0,4.0,1443.0,44.0,1.0,0.0,1.0,28924152.0,542405.0
vue,ten-warm,1,baseline,3,1,1790164847.665,2.738,208821834.0,4.0,1443.0,44.0,1.0,0.0,1.0,29358680.0,542435.0
vue,ten-warm,1,baseline,3,2,1790164850.409,2.857,226330459.0,4.0,1443.0,44.0,1.0,0.0,1.0,29296440.0,542431.0
vue,ten-warm,1,baseline,3,3,1790164853.273,2.726,118598541.0,4.0,1443.0,44.0,1.0,0.0,1.0,29151128.0,542414.0
vue,ten-warm,1,baseline,3,4,1790164856.005,2.836,224136666.0,4.0,1443.0,44.0,1.0,0.0,1.0,29533496.0,542449.0
